centroid_x_norm,centroid_y_norm,spread_x,spread_y,elongation_ratio,entropy,peak_ratio,coverage_ratio,grid_cell_0,grid_cell_1,grid_cell_2,grid_cell_3,grid_cell_4,grid_cell_5,grid_cell_6,grid_cell_7,grid_cell_8,grid_cell_9,grid_cell_10,grid_cell_11,grid_cell_12,grid_cell_13,grid_cell_14,grid_cell_15,grid_cell_16,grid_cell_17,grid_cell_18,grid_cell_19,grid_cell_20,grid_cell_21,grid_cell_22,grid_cell_23,grid_cell_24,grid_cell_25,grid_cell_26,grid_cell_27,grid_cell_28,grid_cell_29,grid_cell_30,grid_cell_31,grid_cell_32,grid_cell_33,grid_cell_34,grid_cell_35,grid_cell_36,grid_cell_37,grid_cell_38,grid_cell_39,grid_cell_40,grid_cell_41,grid_cell_42,grid_cell_43,grid_cell_44,grid_cell_45,grid_cell_46,grid_cell_47,grid_cell_48,grid_cell_49,grid_cell_50,grid_cell_51,grid_cell_52,grid_cell_53,grid_cell_54,grid_cell_55,grid_cell_56,grid_cell_57,grid_cell_58,grid_cell_59,grid_cell_60,grid_cell_61,grid_cell_62,grid_cell_63,violation_count_frantic_eye_movement,violation_count_forbidden_key,violation_count_off_screen,violation_count_duration,num_transitions,pct_non_center_time,violation_rate,session_id,label
0.4802976623409062,0.42639228109122235,0.16341101176019643,0.18106228393169044,2.5768551171254264,4.7764338824712596,0.2648031224550231,0.3625163966049383,0.00029237334438809737,0.005964272532743611,0.01141254984222188,0.002255838379010664,0.0017216881264685419,0.00048539142581627753,0.0004925484312693769,0.0,0.0021811181367512797,0.009305129518379543,0.03062645669412751,0.020273627240413858,0.019853768009315823,0.013320085228052659,0.012458467434499134,0.001801271816448951,0.0012829139523873165,0.033424486594355395,0.0628005398261171,0.0589715833585475,0.053380649521456776,0.06857879930014435,0.030046283304202618,0.003214960009403034,0.00020461021960414602,0.020184289021765712,0.07544565588352341,0.07201015509990731,0.06572883275223654,0.04117568929941607,0.007763941622102679,3.973657853882936e-05,0.0,0.0015921021146063441,0.024322571817682773,0.04013952623580656,0.04495239133721034,0.01762212251939469,0.0009327042666349843,0.0,0.0,1.6718101541023479e-06,0.009175267174260468,0.025527905488952035,0.03132554967079917,0.00406526199703747,2.2313829742771007e-05,0.0,0.0,0.0,0.002105264932238702,0.03217301925280062,0.01612429115422174,0.00022358042903871235,0.0,0.0,0.0,0.0,0.0005101922458709364,0.01499667593019897,0.007445289080085633,4.458620964701055e-05,0.0,0.0,12,7,0,0,359,0.4859211484448143,0.052924791086350974,session_01705ccfc6e84812a9f13609d0f678cb,1
0.5176623334421067,0.5927540700180711,0.1883689098113131,0.24689851613900332,1.9726555679705156,5.263871873601971,0.18068839563312292,0.5321373456790124,1.8849868361837082e-05,0.0006872599626671243,0.0010630877413808977,0.000558605225140625,0.0007127959787519293,9.561386175264828e-05,0.003911796027348332,6.481469731448635e-05,0.00043473605398727057,0.004228296428234545,0.008366807444189234,0.007860775223156029,0.0061269187172818575,0.008546417255033046,0.006817239103250748,0.0002312179044197834,0.0004504670196211925,0.023572257461599532,0.04587618388917931,0.04403598254685425,0.03582282004829894,0.03485965415306362,0.026693937962256716,0.00017469753904734636,0.00028739713980635475,0.019164497421086547,0.03483085303568553,0.033836771017159754,0.025791746615352138,0.025834368370443304,0.015394055913309944,0.00024955120451730954,0.00024273835137101992,0.014032752338285234,0.02792227881536199,0.03342030978384386,0.02579924172847016,0.024434507360444745,0.011798185239157363,0.0005419385886883285,0.00022770913885087889,0.00838662222308252,0.024301798049371957,0.02703964883650406,0.026752807251246114,0.02518391145996558,0.015661443342802516,0.00020800157223886516,0.00021892747835759285,0.0053401365178811664,0.017846010532573498,0.021435643401270247,0.027415457122075784,0.03133507964595698,0.02016654238813953,0.00036842038473497505,0.003564272290890389,0.005188275194744773,0.01908755798941729,0.031983938118786644,0.05242251705079755,0.056915169724935974,0.02307477298335502,0.0010829122668452082,32,3,8,2,1281,0.7572540996470319,0.0351288056206089,session_09d4368e78d348fe9b0622e69d6cdd5d,1
0.5220932474368032,0.5693937399871216,0.16075483387563275,0.25236619818494077,1.7274807622562889,5.096676192836757,0.19797223011044401,0.493056037808642,0.0003868358496628844,0.0011708802072876508,0.001846286579475387,0.001104254749803793,0.0023188156843577524,0.0017364184135392846,0.0005983150609125272,0.0002889339849450324,0.001745430417649914,0.011469280337977554,0.02857469786930035,0.01873542533169231,0.015760038084151558,0.02025882680835811,0.009994498949672822,0.003135189558280113,0.00044367578044957447,0.008912117181924507,0.05203212444893622,0.036363156999912966,0.024097204315096682,0.026342162571763906,0.014611534114578098,0.0028779327211861973,0.0001961765114051199,0.0054633527505209695,0.04385693198370231,0.03887620140988564,0.026568963121956543,0.021313566793074237,0.008010944729509263,0.0003031649366274846,1.688702321454049e-05,0.0017230541799357244,0.02956335293038827,0.03555563669776423,0.03295108363384919,0.02924317049685695,0.009426873164392459,0.00038271660890083867,0.0,0.0001852353606027631,0.014552131307751674,0.035692643391073815,0.03628939276771479,0.032865520852319,0.01311560666905825,8.231957839626718e-05,0.0,2.6010861915994757e-05,0.004877479287837699,0.038757088251108025,0.042476082332141146,0.04350861383102932,0.011641962265760235,2.4678166375332897e-05,0.0,2.090374893499686e-05,0.001422638510332682,0.04215385891732728,0.06659732176471592,0.042965116358719406,0.00448328099427885,6.001789707596067e-06,29,0,4,24,979,0.7212834518235945,0.05822267620020429,session_0cd911a71c2a481bae94fd688d8fc5eb,1
0.48389338955864736,0.4752474739993232,0.1500559160885974,0.2522150228212147,1.3662230905369424,5.0383025196633096,0.23080893116719745,0.43157648533950616,0.0,0.0003543002920524925,0.006108899242218402,0.0055546705745327446,0.0029673158341723873,0.005110675668346351,4.9246676867076125e-06,1.2856665774098007e-05,0.0010681932523647925,0.012059460568973779,0.06756416874826898,0.0723773550909967,0.0431396030350136,0.017875296120268003,0.002852091742750594,0.0010256572559988035,0.005324156729453335,0.005718904958772652,0.048604106227314516,0.060145898861508756,0.043041687508954686,0.027870204670502306,0.008614832810158526,0.0006010195769329616,0.001715557235341464,0.001965520234671578,0.03098803148162764,0.042185596410744604,0.03521380346268487,0.03135773613420415,0.007640392098101481,0.0006580012651799599,0.0015058977163593652,0.0012917337679998245,0.024580237741943997,0.02822411098913986,0.02142497032395252,0.033144602557649144,0.004310975298260857,0.0,0.00013041833279118213,0.0006182624800600206,0.01918481122172863,0.025492850892750326,0.026817678427604824,0.02912445843429449,0.002076922783968486,0.0,0.0,0.00016994699875648857,0.01620361439090331,0.030932783276406365,0.026276713531555366,0.020011131062216674,0.0023637616949366666,0.0,0.0,6.881402314226104e-06,0.015576618833478863,0.04388434411371544,0.023771239599266,0.011326000262386294,0.0018281154399888532,0.0,10,10,0,3,458,0.6816498295783134,0.05021834061135371,session_100db0f6cdf54ef4baa19c7e9282a119,1
0.5434865478993227,0.4642522239066028,0.17436221867345297,0.2108411624645344,2.2429770433149177,5.005096856888692,0.24584142482573637,0.4240354938271605,0.0,3.162529601277068e-07,0.00039707621663338767,0.0002875289412708903,6.1614326710098e-05,0.00010976727742171667,0.00015779647697502448,0.0,0.0024545217243233395,0.0030096419202483736,0.029254045067861834,0.031267366412549624,0.02074964546668157,0.015689584354509557,0.02455161105307946,0.001169324694879144,0.00329689585894524,0.010294487606403996,0.06803149802482152,0.07927588577229083,0.05814134670300514,0.03992087240936575,0.04513580122109943,0.002402463737060579,0.000174695385148805,0.006324770449851411,0.03376133725611672,0.042706332231269684,0.03842458340410066,0.03945031550495313,0.033134523889143605,0.0012579167741010055,1.868642490493711e-05,0.0013468663566690985,0.018870511627988838,0.030248220623345035,0.03614886835340779,0.03274514774458289,0.02721685349974876,0.00020084812993849621,0.0,0.00025991868283887137,0.013239847674974237,0.021253340181264097,0.024648054455789707,0.020909394461932164,0.01708329739966366,0.0005202498695387788,0.0,0.0,0.005424247020952116,0.017308304505730173,0.01653573977452429,0.01719277592438265,0.006385092264463595,0.00038541610749476615,2.9604027093693598e-05,2.6400247106312913e-06,0.0007833860824937322,0.013713333356800219,0.03427825959450981,0.011521136587838461,0.0008363928286368761,0.0,16,0,0,4,484,0.708726548566989,0.04132231404958678,session_248e91193f904874ab3382373192600f,1
0.5312341533691549,0.6134059705945142,0.17832735836677713,0.21030909733986178,2.4124094947738146,5.014833689397131,0.23388184905298331,0.44546248070987654,0.0,0.0,0.0,0.0,0.0,0.0,0.0,0.0,8.091799071083012e-05,0.0013652461389822013,0.0028761469532136096,0.003465859300471591,0.0021642038611713607,0.006190438296576939,0.00020239238548986978,2.1017362266486678e-05,0.0014739198829151856,0.023454344903028366,0.02890200165507717,0.02153875099660573,0.014625734868519095,0.03318846633167543,0.010930644217220604,0.0019610207461305705,0.0009355247375270664,0.025847493618812525,0.032397794079998085,0.01962262993714915,0.030949166082863782,0.054048908891774425,0.025773440077391567,0.002775036709332905,0.00010229060828280267,0.02287139386642318,0.032741394719494304,0.027542737557045407,0.031333506484005236,0.05014025250263611,0.019778632855651703,0.003089059479685287,9.8554697650919e-07,0.01126107749071672,0.025402324341493036,0.031604852778305055,0.04932586982427972,0.044573092449761285,0.009847745827159722,0.002131302635943943,0.0,0.0014663334631657777,0.012815468430248738,0.024854658178616592,0.05149363769835451,0.04867164998945465,0.004784223198978222,0.00031786181962134184,0.0,3.1594802491114375e-05,0.0036003979226136595,0.02843196450637367,0.06327713530556105,0.0516060702726165,0.0020766620779905038,3.472334114910285e-05,8,8,0,4,343,0.6564971147681126,0.05830903790087463,session_491449cba73f401dac98e6cf2d260687,1
0.6144891791629884,0.5210423792597548,0.1804095220621422,0.2182081103112418,2.2381539593150617,5.009084326399232,0.23212512020149711,0.43473958333333335,0.0,2.6087090331140277e-06,4.793640438485904e-05,0.0001291145863224791,5.135964704012681e-05,0.0001395494224549352,0.0003895231867672541,2.3357301975814207e-05,4.328035408525045e-05,0.001774406459806387,0.012506998660004133,0.013642524572553119,0.007223724449703837,0.007124439405489961,0.019995347472007947,0.01000694180775875,0.0004592098403058402,0.007183405035407226,0.049862853451730416,0.0639277687434258,0.027442166076493028,0.027109109882721028,0.06605592495389134,0.024571573476645462,7.771091043791154e-06,0.0013659508699296135,0.01773094400242053,0.05006900750861309,0.039888900255668894,0.02028529942707246,0.03612070261141901,0.006535465553406141,1.5531174876472123e-05,0.003797961143091829,0.004845847640781515,0.025694099872873317,0.044576882474708125,0.02852781831550176,0.04544743179420161,0.0036874267291233435,0.0,0.0008795642253927247,0.0026708557470421367,0.016498026285968623,0.030998067640060762,0.04925779806421462,0.053309882690207304,0.0027572183254126544,0.0,0.0,0.002123467138532598,0.012319072544719933,0.018659017007175843,0.03584439959813113,0.024596504809810033,0.0005496010579426857,0.0,0.0,0.001445433941356265,0.011646906191065327,0.030121376296767796,0.033179344651344055,0.00475727261297785,7.602680713805312e-05,10,1,2,4,436,0.7119118855827716,0.0389908256880734,session_4992ab81e99f4a0895d84fc830afd3f7,1
0.4354623412200525,0.3585193902213085,0.16276202406804238,0.258962597976659,1.6984056622041457,4.88379078187869,0.26258408218447077,0.357992862654321,0.0015620781825556056,0.028260004127381406,0.03408898773254485,0.04037475328712736,0.025159717814418836,0.016338961628386457,0.013388293633586922,4.097098503125062e-06,0.008759166107447359,0.09025355784760176,0.07081989146073527,0.06474050982096778,0.05926265943316999,0.0242657487345087,0.009549727983832967,1.512660643001608e-05,0.0015683425867886447,0.02957693924950003,0.027920598112252958,0.03783970327743832,0.035813064596131636,0.004998786754128042,0.0012094456646507656,1.459220227743455e-05,0.0004793456803058383,0.00945050694617033,0.009557491688605195,0.02862825312218946,0.03465716325865758,0.0038574924634912156,0.0009067205567731228,9.738031224818987e-06,0.00029782640314564534,0.005789690055388912,0.006114919515914155,0.02359375035719722,0.04478866438537451,0.003002134083605095,0.00013967246310110038,0.0,0.00012825699661956716,0.004338085086819744,0.00463625291484065,0.01877093101486644,0.05217274922999042,0.001985786452753789,0.0,0.0,3.3400259536345613e-06,0.002892492164967118,0.004362830967996227,0.019253304985370243,0.0498367499225782,0.0016262512145447708,0.0,0.0,0.0,0.0002217925678811288,0.0035344006195762987,0.012187725015692926,0.025443827844314888,0.0015471000217235288,0.0,0.0,4,0,0,11,297,0.7220702139861397,0.050505050505050504,session_4cd44ea62cc4449e879b4a7ce3bade08,1
0.43132371095766336,0.5933892500518939,0.20798645120357398,0.07297263544223222,26.31311093941592,4.055979003148242,0.4559389010147721,0.19185667438271606,0.0,0.0,0.0,0.0,0.0,0.0,0.0,0.0,0.0,0.0,4.725764934867145e-06,0.0,0.0,0.0,0.0,0.0,0.000585243025683888,0.0029661478421190673,0.006773030746900704,0.00188661128499778,0.00020765440738800312,0.0,0.0,0.0,0.002526995395171686,0.0125606965433822,0.02890993143129887,0.014235550597798524,0.0068111590776252,0.0010681302790284944,0.0008880141927609444,0.00010394534781737325,0.024500921631566048,0.10017298447736585,0.13969116266920656,0.12188050645593192,0.10226553170977531,0.048891754420899394,0.043106472987635036,0.012135957679486163,0.016783876377426225,0.05165581136980378,0.05948850898034962,0.058660318675514155,0.055755068758805766,0.03948249866658246,0.03049250418498706,0.008970554403113335,3.47773337706814e-05,0.00014630538623354602,0.00015981677779732526,0.00020793365713415437,0.00017536884058297895,0.00011505089541431103,7.51396624643876e-05,3.329516204110943e-06,0.0,1.739940726019267e-06,0.0009882648516292398,0.002598912945180482,0.0011150871978813108,0.0007279611267168758,0.0001880424829083045,0.0,23,0,7,12,481,0.37990739690172876,0.08731808731808732,session_4ea379d31391499cbc7a510267860239,1
0.5008570299093593,0.4344496693057129,0.1737022506945499,0.22370087101415825,1.908663158247838,5.157264469628317,0.21815636845123573,0.49290943287037037,0.0062442503006438456,0.0037250140940292917,0.005200244040842828,0.004572934749352763,0.001803923310329784,0.0033560434703674416,0.00316330091863877,0.002315821988002838,0.0030180538100179864,0.015098541348783846,0.038048327411478476,0.036429034981342555,0.04236541321396915,0.027302249996978202,0.018346010898793685,0.010411882570784674,0.0015868457439966903,0.024868146184689348,0.05974245081465879,0.07213992601272111,0.06182270303463656,0.029909801023508226,0.023222460704472973,0.005000584482075194,0.0009946033691787563,0.005293598537875222,0.026924776173081224,0.03939142144153318,0.0413573472810179,0.029855288181386934,0.016742108558339523,0.0006575172365992677,7.739217309632421e-05,0.003839460944891673,0.01637890043401057,0.028312745415710917,0.03524329533202618,0.02777719438885964,0.006752625220014031,2.4826935279181446e-05,1.253895760764158e-05,0.003055781114012796,0.011876360537135615,0.031216472845235852,0.030067125286654225,0.020739235099090293,0.0014753303387879772,0.0,8.031357955254815e-07,0.0007420472790783246,0.010152319120868282,0.03277613244255401,0.022159871890202985,0.00923984642597945,6.615831115641154e-05,0.0,0.0,8.924846527776913e-06,0.007177524212636788,0.017769148574460065,0.019397667027047084,0.0027189459613694094,0.0,3.069986578396153e-05,18,1,0,7,582,0.6653914810410739,0.044673539518900345,session_51faeb57d0ec41a18aa81cf2a7174e76,1
0.45504024358671163,0.562771988420094,0.17350621538267436,0.2416734397130022,1.9099147744714202,5.107643814056628,0.2017025532523961,0.4702806712962963,0.0002192584670162716,6.781884828696343e-05,0.00032945865779430246,0.0007122284115319491,0.00034829481001255467,7.064644619501514e-05,9.954232173998978e-05,1.2289175523455529e-05,0.008964094389611823,0.013071506612354022,0.010854702478571185,0.016892222157972914,0.012200747836569496,0.0169662943477873,0.008108115250585152,0.0016039875394720433,0.005859685521738415,0.05399537463709276,0.04446279168806714,0.02969363879322515,0.023722197901859275,0.033210137430067385,0.003829600728276117,0.0002864139173324998,0.003126279250154531,0.03731674487494345,0.03598883964506294,0.03183326037949474,0.027259240125041165,0.021890077588090306,0.009760944106230504,0.00030167207065940965,0.0006340453293743192,0.018692205733979218,0.03531219546566617,0.02931205445553357,0.03443349766498596,0.022258415717120318,0.0018632238907575385,1.0016221820444727e-05,0.0003846729446372969,0.007318454157878864,0.02539350402229609,0.02725932712805372,0.03636305047744045,0.03323223619525647,0.00013664910659488382,0.0,2.1892133034261927e-05,0.0011277656748732874,0.019869965514942176,0.03133926814958154,0.04774889547228601,0.026109451812614783,1.5443034728590132e-06,0.0,0.00046503110210881275,0.0003667938255571545,0.016357197132263253,0.05201132531264886,0.06311038662735856,0.0158088280195029,0.0,0.0,10,7,0,0,389,0.6736827114782108,0.043701799485861184,session_59b4e2a3797b48bf9932c30a39238146,1
0.46822511479334816,0.6488698039932506,0.17670573720231084,0.18789007026518442,2.803260941837678,4.9031397802372805,0.22830364035005143,0.4046995563271605,0.0,7.718653639331388e-06,2.594969392336017e-06,0.0,0.0,0.0,0.0,0.0,0.00047695537431136,0.0014797067596247276,0.0005267014896835888,0.0011816717643091995,0.0010819697275287659,0.000449227850293676,0.0006011274203403749,0.0,0.0044574948706565115,0.005318295908997626,0.006748532613823777,0.006138946697506682,0.006226192881203903,0.013960780736846527,0.021192684372713357,1.6861779838711056e-05,0.003696583590285914,0.00981379879943465,0.029454846069452312,0.03317969826248027,0.03029971289148219,0.032604642002715664,0.01912781753632833,0.00015664781191352656,0.002253526632419328,0.04022303044169637,0.07258055406130101,0.064066161339627,0.04801128447285709,0.025348345654560876,0.0058712673228700114,4.4854322007101716e-05,0.0015225734455015295,0.03818379306896926,0.06056184841767876,0.05011135455359432,0.03645514592644741,0.019794536948968603,0.0014244283903564975,0.0,0.0009840786481114944,0.008856553239082205,0.03101044740198566,0.03491100662893213,0.037784344461316656,0.024023409494948838,0.005768926147005458,0.0,7.095860985170744e-05,0.0011713802261234243,0.017101124356068007,0.0388988782941135,0.06144295647181778,0.03527468882866229,0.008047331358322373,0.0,12,0,0,4,385,0.62944737930815,0.04155844155844156,session_62e6f7cd43424d3bbcccdb6b8c6742c6,1
0.7062042176071508,0.43199026903853316,0.22491909005246205,0.250585652504913,3.4042107280352036,5.083036662471573,0.25630055979822475,0.36280815972222225,0.016797958040845707,0.00825861133147421,0.0044616466075136614,0.004073119726365592,0.005739016172820066,0.03385824667806533,0.012977244763954166,0.0019686315066402608,0.015052099342237259,0.009517020918227875,0.006147030469698769,0.008946694769814965,0.016422561569442065,0.0708854886001047,0.0348892059218148,0.018272561350833237,0.014306983289055214,0.004032396024261833,0.006989583601533981,0.01037066411072461,0.013767262376885926,0.06078363701107181,0.059447263881469876,0.04107303207463458,0.005741667238635273,0.0020826412166199066,0.0024510560853793096,0.00722488998250366,0.004450903544995492,0.04253490749272397,0.07395346574458618,0.03367718304686439,0.002372287506838466,0.0006865844063614754,0.00044157595730368287,0.003427189622479206,0.0034127267398643057,0.03228027956113618,0.046270703383974474,0.032912801656763455,0.0007607309696328739,0.0003486359745883544,0.0005871624983283364,0.0010354146999101066,0.002470196502966591,0.027859897972829905,0.029446553923268576,0.02309276807983511,0.0,2.2277280803181333e-05,0.00011942288101593284,0.00020142548225281467,0.001115127113400867,0.016108750328520494,0.028157414180939682,0.020987405424788535,0.0002713664280267902,0.0,0.0,2.4012271519940007e-06,0.0,0.017049018137523554,0.04372565244152404,0.013679555126172341,3,6,3,6,590,0.8326805453718573,0.030508474576271188,session_64ff7c6042be4b08b1eaa1fcb28bd621,1
0.45234493186950353,0.5803257002021665,0.15884055426669838,0.25842450986436794,1.5374422402277854,4.961180861779713,0.2774550831239578,0.36472077546296294,0.002174941398485252,0.0028403113030423745,0.0014362630043835238,0.0009407495432443558,0.0001686864565931282,0.0,0.0,0.0,0.0023524107698729676,0.022363753231187073,0.03359543442291962,0.010122485600146745,0.009871050623326508,0.0038608283041930485,0.0007234044565118702,0.000831748441934155,0.0010624281730263064,0.029492162410519048,0.06465217373535043,0.015925299706950356,0.046800066000078695,0.027748529442758515,0.0027459430506508935,0.0021596193792450587,8.941584240694177e-05,0.013016231643928454,0.051917876861771586,0.016871354258948375,0.0403467231914548,0.02887505045568182,0.003336481880069459,0.002316974593575827,9.4400306825038e-06,0.009870762133424495,0.03860977357309088,0.019852160144270596,0.05023881755041141,0.02033172652471521,0.0004723060512439805,0.0001568743978274146,7.327643511104818e-05,0.00788556695437925,0.02341319935862284,0.024880843653458558,0.039478080096496664,0.012929812891059081,0.0013643168282650867,0.0004688441724198365,0.0,0.0054085285468370966,0.025155165495838412,0.0291771634919555,0.03590662319123843,0.008595941283650243,0.00031312373420046985,7.415793203386262e-05,0.0,0.0015621247377446484,0.04430534957242992,0.06390971291808899,0.08018535155659935,0.016473142030871146,0.00025435193027391394,5.064600501988457e-06,5,9,0,4,305,0.6391969227113896,0.05901639344262295,session_74ca31a0192c4804828d7e7ba9694638,1
0.5027022791106692,0.5352033247352898,0.1402723070042892,0.18616756160184977,1.9891514792640999,4.610064480170521,0.24327770274159197,0.33782359182098765,0.0,0.0,1.2922661982148156e-05,1.647717125229797e-06,0.0,2.7171788065110237e-05,0.001399056921331124,5.180464093725632e-05,3.605287974009096e-05,0.001643768821929718,0.006565696772006086,0.00407067997637982,0.0006869944112129492,0.002620585276169722,0.003407105946946866,0.0011812784597795254,0.00026305441199266143,0.014914327103518688,0.05670651648080866,0.05088377432426862,0.028600845873721487,0.028727543921350792,0.009473140272977607,0.001514127682076732,0.0,0.006433879401987703,0.06002891525931762,0.07971557003354275,0.06969076577663758,0.053406947393034816,0.010194944003836134,0.0008730413643528897,3.523420267786987e-07,0.002249413676959938,0.04199312796256171,0.06199742943692863,0.062926949155574,0.03818142973886502,0.0025795374300500037,7.471723567865935e-06,4.467489639538148e-05,0.001024952592898447,0.018282437078501784,0.042202077147442264,0.05356481734703325,0.030299051538788514,0.000575374529729615,0.0,0.0,2.9327292228932863e-06,0.0028233477495800754,0.019216734140510228,0.05130634640738494,0.015218149560609804,4.3648959317408205e-05,0.0,0.0,0.0,0.0001629996393882986,0.006883757992179375,0.050251061311181164,0.005029765336272225,0.0,0.0,26,0,0,4,556,0.46350754579317205,0.0539568345323741,session_79e01b5bc77144b2935d94c47bce37d3,1
0.42057420812898466,0.48234395044179745,0.1362906921203378,0.24481743143461973,2.0435743730105402,4.901524345239787,0.24848177820435,0.350068962191358,0.0027371681706596382,0.004263961735871405,0.01633821588849416,0.011315033561220173,0.0047009966194319856,0.0005159045658353272,0.0,0.0,0.0036794203314977525,0.01868730385221279,0.07894029359768107,0.040379318510784946,0.014407311183504693,0.0006853498021629317,0.00028349521598101284,0.0,0.001145185279347545,0.01671144045092961,0.08036222010273336,0.05379758538736124,0.0245821740289235,0.010860886479558258,0.005115826388789642,0.0002688589586306029,0.001191538651127537,0.01031119629183055,0.06444455372014173,0.05111941669092462,0.030365156756510095,0.014152007216959856,0.006743491033835015,0.0006939529127468451,0.00046207636026931217,0.006456783363082232,0.05284110440246085,0.04315560027710478,0.029789578884475237,0.007837966539321825,0.0008604364224799875,4.3438656718775504e-05,7.41058469058764e-05,0.0038410303122844523,0.03651445335114506,0.039033832758789716,0.03118746682552804,0.00609526467242489,0.00017668501244740036,0.0,0.0,0.0027477300951287776,0.011162528147372005,0.030300813638008184,0.034167214507734085,0.0062808191941445945,0.00013343440186160658,0.0,0.0,0.0010669580880271529,0.007937301909069414,0.019439300338006657,0.05047401102150922,0.009120801588011984,0.0,0.0,16,0,0,2,454,0.6893088691903028,0.039647577092511016,session_83bc2309a0a54b7aa7138eed550c0ce1,1
0.5507940913669308,0.42960186281553175,0.2628020398964788,0.19662004860497492,6.359440217642117,5.321232507363459,0.19884607593260165,0.5248451967592592,0.0005589321991437152,0.0019343312661293504,0.0011151949401142652,0.000406239191638654,0.0005027479559461516,2.277937641101147e-05,1.9680711237454765e-06,2.0256476725784558e-05,0.01996510798329941,0.03564240662729945,0.028292864853403876,0.017085129010673782,0.017521014890729707,0.013301920545346646,0.016633435750847345,0.015253430559955072,0.02637879006400031,0.05914158411489398,0.053708325976184475,0.03292866685384977,0.033355497513043786,0.02804817498932714,0.053163128401053285,0.047222736020222894,0.0032844489939455957,0.013941522723637077,0.02541441427643818,0.03082981321654604,0.03254641091191591,0.023584872329184853,0.03173324161005261,0.025615733296548548,0.0005901805624648868,0.005870285081278668,0.01108624932469251,0.01979217943599541,0.028065741070952912,0.014902265954391019,0.027735858851530213,0.014203485552363709,4.116199818386816e-05,0.00500521313775829,0.006920093998845517,0.00873563961050072,0.012577461002539828,0.019516576199427076,0.03297191207625505,0.012768730297762985,0.0,0.001566992884574942,0.004688071038322815,0.005539837564831063,0.009621282084649607,0.020526981820665317,0.018694864631409642,0.0024826065695072526,0.0,7.568699055680742e-05,0.0008954409559139193,0.002752096223435868,0.006021669530855707,0.01171484914792413,0.005330217053225322,0.0001512483595525247,3,9,0,2,354,0.7114831333924236,0.03954802259887006,session_844c41b1697e4f55981a48185e8c1e1a,1
0.3269209625837691,0.5341513365321795,0.20617258391354695,0.19209274520148403,3.8070137526915238,5.03061819682989,0.2306608454161085,0.41389998070987655,0.0,0.0,0.0,0.0,0.0,0.00011089843618763655,0.0004086620997400917,0.0002142356153624797,0.0020639915584219366,0.0038949329142117218,0.003657563939556047,0.0034518432532620285,0.0006769845445454359,0.0025541789950351015,0.011264801569319138,0.0011716678637067484,0.029876692655501746,0.04532632982006906,0.04063336412967466,0.029203672661930587,0.012447245927254932,0.018644070706118135,0.026768402948350728,0.0011420222866619944,0.05589407886001421,0.07466927947378665,0.06207315171475549,0.0293509604989852,0.012929803987422755,0.01974809597330503,0.010028651850762748,0.0026787966849378423,0.0302101645255957,0.05375958368890542,0.05651170413103759,0.020870976699421125,0.008366360586074529,0.015061356399045489,0.0028560706961999467,8.133460246193984e-05,0.016594384228531215,0.04385078116776707,0.047744487932192936,0.016368009730288735,0.008927310489218233,0.009343724580382252,0.0018397423864749466,0.0,0.007718517534772995,0.03275927543484925,0.03868995759074864,0.015446776148400308,0.008240775600229611,0.0028337956417568526,0.000432108808423006,0.0,0.0019240742439689848,0.0168449138775551,0.02556962355049,0.0142663072540084,0.0019079844340012208,9.551706831836854e-05,0.0,0.0,9,9,0,1,469,0.6925914677719027,0.04051172707889126,session_87a82c398633482cb334f4d033e666e1,1
0.3684427680395397,0.562351912172976,0.19168110949555656,0.2439032242347937,2.178564301258129,5.185790854341066,0.19890983967992823,0.479483024691358,0.003002979136226557,0.001107337630033129,0.0004943529128546735,0.00014649192810258,0.00021254038354078937,1.8461826571708982e-05,0.000179150390956765,0.0,0.019162954421928592,0.012657348945186204,0.017027631539336438,0.005656324258016834,0.008241463531606324,0.011728206997818355,0.006122469880441261,0.00038177172731329167,0.0387831769190517,0.04397062781666843,0.03172396462133765,0.01783414926588884,0.031167716854053173,0.032873272219769184,0.008040578028507044,0.0005855213552870282,0.024921829229021725,0.05890938241185302,0.037947125229508154,0.017314998735073507,0.019585443837933283,0.008575685826480058,0.0017140113534405976,5.058714063973986e-05,0.010991668149150927,0.04286124438315355,0.040769900076014616,0.026475871148998124,0.011634087638848682,0.004883494095463985,0.0006278508891458693,4.116404581469028e-06,0.003910646346440478,0.02282396314835914,0.03345788846200065,0.03347974756223297,0.015739358089853377,0.007648874855200509,0.0022163490992786025,3.078624269815541e-05,0.0009936529504924981,0.013832706441285415,0.03579780409157721,0.03147188443595859,0.03710827140913506,0.010367636093170998,0.004251043248186414,4.6755908664818385e-05,0.0004141822139878701,0.006056979371407166,0.03454116000380296,0.06538179627695508,0.03454703703925964,0.007488012707489729,7.674862758823278e-06,0.0,8,6,1,12,520,0.7525841975959086,0.051923076923076926,session_88c7d95c6f8e4e7bb6df45318dbdea12,1
0.5586827732826881,0.4855067877914481,0.21491033679155244,0.2494515437047356,2.8234448931234186,5.410687986736252,0.16695708206105722,0.6264289158950618,0.0007735180486468712,0.0021836670879994153,0.008013380350175901,0.006280968421760358,0.004130008310216579,0.002369929624309312,0.0034281889319545005,7.178422965732819e-05,0.007545985600545551,0.017124758401031913,0.024624993125118,0.019630019460145413,0.01845499507983625,0.023676016342847765,0.02952784278791685,0.0022043490976059637,0.00657965584218197,0.039243432643303246,0.04789076831238916,0.04139908295860511,0.04565084989175546,0.04523875754464582,0.04073830869681304,0.002955411726270095,0.0011935129612925261,0.01623412526451524,0.02391110988942841,0.022940323270777295,0.01993524827585815,0.025925330727229006,0.035288735282512015,0.003946631454825836,7.633442733308255e-05,0.004677190970544175,0.016827447707086555,0.021299148639347388,0.017018283775419262,0.01841731788745787,0.024955321920146396,0.007789152831207275,0.0,0.0011060247160670817,0.009827649168060913,0.018895843120633526,0.01825706536999878,0.015563185005522812,0.02295450277567114,0.008774671200965874,0.0,4.968660299610061e-05,0.005505599181580445,0.013570322873393364,0.029624493653419282,0.0207821917365719,0.021914327586993694,0.00712282499481608,0.0,0.0,0.0008904697960872858,0.008041894922277295,0.035989862408478124,0.038434524168289394,0.019008828029074564,0.0035141448883899903,15,1,0,1,539,0.7772675554171902,0.03153988868274583,session_8c4ffffa44a1467482119f9baa510775,1
0.5465381891962272,0.4275219539928169,0.1499011407180049,0.19684018983136187,1.873417475913435,4.546313088646842,0.3516262836860881,0.2634645061728395,0.0,0.0008615084704008958,0.0006361220280352159,0.0014010503275129567,0.002625112241820262,9.940633320987192e-05,0.0003143124237623097,3.74859025529823e-06,0.0,0.017588660243637172,0.024188357593058065,0.016655163139432955,0.01186342460843129,0.023045587096747856,0.02796885993084381,0.0019844173261961222,0.0,0.017275682396510256,0.04069679580710563,0.08587971209570767,0.07372693949704674,0.11983458001108797,0.04541544664119248,0.001624297522036608,0.0,0.0002469948081828703,0.012304050785508256,0.06628922615123328,0.07307111283751247,0.06755966460362053,0.003306688379966843,7.208676443827433e-05,0.0,2.251116765878047e-05,0.006787951159519433,0.025883348424516582,0.046035926646015794,0.02843839539297865,0.001499004327325488,0.0,0.0,0.0,0.005055808069666785,0.011670754919759758,0.031692505378736364,0.007237703485647257,0.0,0.0,0.0,0.0,0.00411457827142808,0.013595175175744116,0.027220967109594336,0.002678887829775849,0.0,0.0,0.0,0.0,0.0006193613155848248,0.025149684545335647,0.02537244108668452,0.00038598703953377113,0.0,0.0,7,2,0,1,217,0.5477404297881368,0.04608294930875576,session_93bcea53dbba4ec4944f6fde950b7402,1
0.591278133887608,0.5642319499235803,0.16948442268404826,0.2202671238983046,2.048912493400783,4.945415617686662,0.20658983089303176,0.40552565586419753,0.0,0.0,0.0,0.0,9.417156073324813e-05,0.00031401129132219266,2.6086076342806125e-05,0.0,0.0005197765640921988,0.0016341695019017552,0.004803751547910403,0.004727367555727221,0.00793607282242352,0.0030915949330018676,0.0021431721510471284,0.0005644281940906397,0.006428573440892211,0.010421016187877934,0.03812352161464821,0.05032960105194902,0.05366481141187216,0.030727724085083327,0.034449015447471865,0.00949128862376309,0.0016160283037582493,0.002711773174340368,0.020717425094680494,0.04685336321016175,0.049356435986106555,0.02873786215044584,0.04487453451883961,0.008887831510209717,0.0006255825384496447,0.0005478193908520433,0.004100653402578565,0.03193551059852056,0.04207061726010172,0.023268862611354864,0.04186389718742942,0.0056974442564536425,0.0011995587315631823,0.0001311965791664854,0.0010383743628729289,0.02283822428011594,0.04587248901918227,0.028802670667270398,0.03674581608156273,0.002755128162496193,0.0002602595931192121,0.0002530337617599079,0.00016955360240168246,0.014022462481049432,0.05453518814255455,0.03600207410829145,0.019753324734083217,0.00041536153280228623,0.00011482352899018276,0.00047328606020786653,0.0007516750638174699,0.009088315914384342,0.07112419991157139,0.03233941453249537,0.007736566793457414,0.0002212070983502484,34,0,0,7,1032,0.7242870387824747,0.03972868217054264,session_956d95b662c84fd38a931ff31f9934e0,1
0.47912782504709744,0.6501822609962917,0.17156591058790055,0.23518805358031736,2.6000454698273816,4.979158371236115,0.22995610229081234,0.3665649112654321,0.0006568005890572494,0.0006045349907644669,0.00017992560775377146,0.00030152747371214124,1.8738853815554868e-05,7.153124719552169e-05,0.00015461435808858422,0.00019101339006498332,0.0062540861895713515,0.0072766079965361965,0.017856559843702408,0.005808003635387811,0.0015407251171319469,0.002898489283388727,0.0021083593663131727,0.0010976026496287757,0.0030411253246139546,0.014469029121044278,0.056327138244012614,0.019678129456004428,0.005856594210810475,0.008810597662196287,0.0007516738757111028,0.00031659130465757723,0.0032670827887954948,0.00418310418896792,0.055633110802127676,0.03971224696354371,0.014259791129510754,0.023021760588063864,0.002943643148004522,8.852666012730003e-05,0.0029562486018764314,0.0018075468287907814,0.039168770031931935,0.041821848061133815,0.021601985114401392,0.03237592298105312,0.008814260142326235,0.0012292010795034755,0.002962645399363669,0.0027934940054168333,0.031209749170909195,0.042975830327831484,0.03209529171246596,0.03697376541651712,0.006609070821892525,0.00019244326244448348,0.003075429718981788,0.002618924147716102,0.023053870002901763,0.04657500724813598,0.040601941152097094,0.03546979052808636,0.003997584519097859,0.0,0.0019375021597030733,0.002060747124623851,0.01881136339648373,0.06412803277969888,0.06600219410153813,0.06760470475675268,0.019000959456909383,9.460988911026129e-05,8,9,0,5,451,0.6729496371357667,0.04878048780487805,session_980d3c56c0fb45b78ff48c63f1c3ad0c,1
0.3842020926871389,0.5851852754615208,0.1695812569296417,0.2212573061745796,2.3737181804233924,5.020792041366456,0.24182470327766206,0.422842399691358,0.0009433681221016256,0.0024110436367760653,0.002891667096010116,0.003236952742400298,0.0023742618539648336,0.00017111767057852357,0.0010756556297123597,0.0013336068069275682,0.0032908006490158935,0.0076453117543311775,0.018457998120744796,0.012088649083935449,0.005738815321117655,0.0021657278480265796,0.0036441684910237977,0.0016855608213274136,0.007182678416472112,0.03252460316085542,0.03835918025429215,0.01917478645302893,0.009736117871631488,0.005196595734675812,0.001724068141770528,7.169330547951933e-05,0.0031878806786497203,0.06695929855269919,0.06639725198224197,0.03204676282683408,0.015990111934624254,0.005250109666265882,0.0029213018132750977,4.0778350616689336e-05,0.001238691104673161,0.05432347591944327,0.07263089583367936,0.03768304781511535,0.01424790894896768,0.006801857827365994,0.0056023642581887,5.588515427130234e-05,0.0003331734854644495,0.028712935062029626,0.06129387980969123,0.03932280952794233,0.014815310252334162,0.008319952438393965,0.005244454355833646,2.602778698930376e-05,9.055176192087117e-05,0.013373617994645624,0.05020095499935899,0.04715663905168192,0.0287463770945856,0.011373118724247464,0.004133174723398544,0.0001753591534027001,0.0001421620358654444,0.0012174057630463225,0.01100924180143635,0.04176155082683533,0.03603265456397579,0.012795952525494652,0.01443990005864156,0.0007807445496723059,9,6,0,5,477,0.7210159782414115,0.041928721174004195,session_99824d4fcaa84dcf91d743b8262ead63,1
0.5143118354207774,0.4869565040268413,0.16655696870461126,0.20860701626674533,2.2347386405742404,4.712030409337029,0.2940720027237366,0.32850260416666666,0.0,1.0981290814026302e-07,9.60078568312014e-06,0.0,0.0,0.0,0.0,0.0,0.0013920982364941143,0.00554164565906515,0.01295602496599604,0.00535301845799679,0.004560843826231238,0.003296410939229333,0.0017061160911003494,0.00020444025984055824,0.014213069013035937,0.03337526460792878,0.07591317708305635,0.06513204382545314,0.08322641870159006,0.05991647975333134,0.03137601080232715,0.0031220751037775124,0.0034670445109209955,0.0047609386324211035,0.03472323374290881,0.045670843369252666,0.09195834896794614,0.03923357931895383,0.016781028182337683,0.0001737240206778961,0.0016090728554209682,0.001567500825910726,0.0077918847100005035,0.026817645610308218,0.06104684676705229,0.026706216883662464,0.007851340555979303,0.0,0.00039080845251289036,0.0021584354597300928,0.0030620701932580112,0.015028822044935034,0.04050348716380445,0.019581869154688313,0.003240453418752716,0.0,1.8432881009258435e-05,0.0017755962868365243,0.00492413630147584,0.00825815031796406,0.026768621990602745,0.013535711620510184,2.942985938159049e-05,0.0,0.0,0.00032983091337843287,0.0016497820692243945,0.01504763142734363,0.05780612665980838,0.014407280984861146,2.9225921123615716e-05,0.0,8,0,0,8,361,0.653394376097097,0.0443213296398892,session_9affad06246e4c8b8c80c8af6fedef5d,1
0.47700772167055305,0.5826670523231351,0.16171906100203068,0.19510312492466678,2.222995101962931,4.887589255709032,0.21274019793836005,0.4271166087962963,0.0,0.0,0.0,0.0,0.0,0.00012946039239193925,2.9088044759889968e-05,0.0,3.282734596837014e-05,0.0016779132864726586,0.002178039658326207,0.0031045599931213384,0.002309545303865326,0.004197417254325741,0.0009204672118443874,2.414018487353084e-05,0.00016288685291857417,0.017778848471243513,0.03908368237954089,0.04210800234010015,0.013822647133548792,0.021569053758053493,0.007458955591273801,0.00018455827262960016,0.00043273631361011024,0.025718831075435836,0.06332213237018851,0.06360120612916505,0.025045736198786705,0.04180279479090964,0.013246329917182121,3.056517203285313e-05,1.886177902399115e-05,0.018420396867531597,0.045136733023355594,0.06019655171972115,0.028845455011599477,0.048411214300674445,0.009550671105403133,6.0634525120935406e-06,0.0,0.009011870855857458,0.031584792704090335,0.04580669804291586,0.037835602799939166,0.049880687368677706,0.003370814766463286,0.0,0.0,0.004747166838901772,0.022091244072949344,0.03518155629551024,0.033152975060348394,0.029331471202649756,0.0003406069559348763,0.0,0.0,0.0008063255589335975,0.01555210493115492,0.03980726815206585,0.033956470319472264,0.0068969654764987395,1.9130347619075362e-05,6.787554762685972e-05,18,0,0,4,479,0.5948839890474132,0.04592901878914405,session_a0aed977e06e4d02889831920ee3a364,1
0.4665638705197111,0.5800800441982352,0.13537677595849779,0.2107678538576573,1.314651146441305,4.740045893026087,0.23279437585817,0.3507296489197531,0.0,0.0,0.0,0.0,0.0,0.0,0.0,0.0,0.0,0.002184464938310474,0.0047583813697192,0.00487570102372266,0.003403406914064136,0.0026066471569071254,0.0008422510515665156,0.0,5.6994532631255924e-05,0.018813612990965397,0.0497936793905991,0.038884998074612064,0.03575526122335842,0.025212168869088693,0.007485411252202786,8.377300114281997e-05,0.00018017281261277103,0.01275301155111042,0.06701117795072138,0.06110790335733644,0.048877392962803065,0.02966196918558023,0.004488082023224851,0.0002809064022034747,0.0004191191470236501,0.004931839501416483,0.04026727265725619,0.056063385624780394,0.05175570380376107,0.027359261659036876,0.006108808033519152,4.447472917130391e-05,1.465994080353356e-05,0.002305168684488473,0.028630035086080405,0.05530786363906252,0.04538496971110433,0.01783973011691022,0.0008482701878453387,0.0,0.0,0.0001923715954711858,0.0245206904933775,0.04664434690679329,0.0355344124253592,0.009588537595598764,0.00023399726680384679,0.0,0.00015891857361932684,2.998867452693635e-05,0.016944898565983583,0.07727831297039467,0.028324463600992153,0.003768875493055876,0.0003822552812804581,0.0,15,8,0,6,423,0.5162852706369494,0.06855791962174941,session_a3191f6eb01a4042abd63da8edc5b6af,1
0.4652147436411681,0.4174854602492058,0.15941769989081755,0.24557771768461,1.5798475260334617,5.01928407816488,0.20262784032665446,0.4463816550925926,0.002268842954064563,0.010843680554975624,0.0168982432746398,0.01465048918990664,0.008675350252067412,0.010995125878521668,0.004239369995720509,3.207011131287643e-05,0.009935872834625192,0.04913364623328699,0.0613655849811404,0.05866360765023769,0.02528744246320023,0.046117919131485025,0.016058042054324158,0.00010606433123423777,0.0010103963804699184,0.01814565224401868,0.03604295369632973,0.05690996248614229,0.025953334080258187,0.0374654613402464,0.005897753590154555,4.980542770382859e-05,9.249982018098833e-05,0.00932257657586858,0.022729761845794037,0.04796352867453563,0.034575835343969935,0.01787988552191443,0.00262189598967767,0.0002680869674159872,0.0,0.004139148549441342,0.013994254302324262,0.04253329042413812,0.041523964926119775,0.010392021790466425,0.0034535207566750194,0.0004193350231420046,0.0,0.0007623367936394768,0.008619072561125572,0.03899685142711197,0.038914083486052284,0.005009992037801099,0.0017965180369811594,4.6996709694880136e-05,0.0,0.00013461180290378418,0.004945541822886732,0.03974392344896368,0.04125382073715208,0.0014704812990059646,0.00043979451419046535,0.0,0.0,0.0,0.000867086006073538,0.01970593736966527,0.028300257516230373,0.0003364167827908739,0.0,0.0,17,9,0,0,504,0.6662347474594842,0.051587301587301584,session_a537888910834ab98987d517c797cfe4,1
0.49423216961408467,0.6407168353380266,0.1986086288611615,0.2421708748160571,2.261071168364857,5.198137670217599,0.19789498493682606,0.46037181712962966,0.004207938972228885,0.002384062787380471,0.0009053128356755894,0.00020401623186677646,9.244715337294088e-05,0.0004952578606311726,0.0048545542247785236,0.0020465485513523713,0.007692345973873763,0.004479666431254522,0.0016717710766271435,0.004106923725484466,0.0016380748124237207,0.004582839023397196,0.009595590405618198,0.003687638744275925,0.004508471895378946,0.02700113888224797,0.01975551049754465,0.017687609129807276,0.0055565372566686,0.01464913522809711,0.01649319975312124,0.0031373072877677144,0.00132375203942686,0.022068883450199347,0.04001548434659597,0.03807987973387772,0.011007425877044256,0.018387778030339728,0.02351533450915195,0.0022698705730046665,0.000702865582280271,0.012218199208881831,0.042374222840835564,0.04452881026912099,0.017373347645031956,0.018758547255376155,0.016004855203879925,0.00025999689342262654,0.0002739583502897413,0.006082059241096881,0.03641974116169912,0.04626478688663483,0.021581629831301474,0.021103250746882782,0.009332038795346175,1.4206609753280097e-05,8.758086858255935e-05,0.003951496795655656,0.02915640048097035,0.04572771820126817,0.027666716710542497,0.03565588154134092,0.012284954339784646,9.860049081569033e-05,0.00017023416415319585,0.0014795221832963022,0.033258188253489654,0.06996415766743108,0.0413384396391428,0.0617224976215267,0.025481705809083953,0.0005610814105665601,14,0,0,11,593,0.7776926461833151,0.04215851602023609,session_b2aaf02d12ed4689b06147357e085e26,1
0.5285083203465567,0.5230931678657674,0.15959392273612494,0.23742788841307505,1.468411665115875,4.910545127138657,0.24821110292885104,0.4010450424382716,0.00010414552793068701,0.0001798775001590526,0.0002756958870126236,0.00036699905041052874,0.0005838423052159678,0.00043464300554541175,0.0,0.0,0.006097478723134754,0.011332310642253682,0.022312054069814947,0.01729101305818096,0.022946562527327827,0.016466232240279318,0.003752671137975706,0.0002581554395072797,0.005408632856870356,0.016414778385448085,0.04902646507502086,0.05376194985184651,0.05938881850907406,0.06064390996858234,0.012837877441559611,0.0005318680040674146,0.00012568075257437717,0.0036121787645327424,0.017769387620497915,0.03345140572339316,0.03799109015597312,0.05765367861936339,0.005823878687508094,6.670152531703374e-05,2.24635883448551e-05,0.002028671612679012,0.00967731948541025,0.021539767999379178,0.038506810258086936,0.06950500083503501,0.014669018577640752,3.8105110097816194e-05,0.0,0.0004144159297533632,0.007919997329688408,0.01627020683816667,0.02642353777829091,0.0599565410445698,0.009908608642050485,0.0,0.0,0.0,0.009039786812810244,0.023006892101786865,0.022382412785469905,0.027587086950417655,0.0011494408570923759,0.0,0.0,3.5446614044480185e-06,0.02514511063120334,0.06927397893461179,0.02102098148382818,0.0075480048078549475,5.231188794897691e-05,0.0,7,16,0,4,463,0.722029006145184,0.058315334773218146,session_b4b56d4c2bf44065bab2029f0e2cad44,1
0.4302754770050416,0.5868040694180264,0.19647693054194476,0.2586134824068284,1.8392129271525521,5.3698835361697785,0.23077575571290382,0.4989226466049383,0.0020879810145527015,0.006674549457107199,0.006580494570322553,0.008606134556994488,0.002691868346740922,0.007044211392617373,0.009927961700950026,2.6829999576815464e-05,0.00617271105254588,0.023048930674628598,0.01658573616297731,0.023420716027237495,0.0029979152041110955,0.00969489793833187,0.009084253143494182,0.0001312021953234961,0.010770171375747949,0.036574385624236413,0.011125543963252594,0.01929303051040602,0.006291197726654665,0.01836178720572749,0.01019372608688853,0.0011290708341466853,0.005743506003449728,0.03664840544616016,0.01404796544415965,0.02189158092100244,0.014183589343324018,0.02645148174293473,0.013286345693602705,0.00044594257210962086,0.00436607031288526,0.02409671210596061,0.02027240043909268,0.02522367201369739,0.01907384390306246,0.019621673023844374,0.008088945095878278,2.0722052745780656e-05,0.0031021125302143518,0.022299514327044904,0.03246009012581571,0.0313934477543715,0.01726220688787543,0.009472138993986932,0.004363409796167447,4.871368638248617e-06,0.002484385514817979,0.020839028046542706,0.05256446581895526,0.08302281064580408,0.05651332214400775,0.026897499259177247,0.006374635527945693,2.498137763204419e-07,0.0030051972756908363,0.01359436607980581,0.019872086353227986,0.04344319027381039,0.037139889069693,0.010001282044300076,0.0019115750164040216,6.245344408011048e-08,7,10,0,0,366,0.7460902627768968,0.04644808743169399,session_b5231ae90a2643f5bc20c7e544366111,1
0.5099468530682659,0.5085975124437846,0.15419149846295496,0.2041561103649103,2.3510660234367577,4.860169146834463,0.26930517280110183,0.35103877314814813,0.0004873239083039838,0.0012419928153015408,0.0017434702823598902,0.00045874266478471945,0.00011904282699517928,0.0002947287443773509,0.0004985197916815452,0.0006580467021270303,0.002966562830619414,0.013401486830625762,0.03680741883092759,0.01522282332766181,0.01121528861357019,0.011454326494755031,0.005006998148495214,0.0014110131423223293,0.001811006274744381,0.010791157964536462,0.07092258840167079,0.02685971774543187,0.025542340277233733,0.02950070544164658,0.007896675847002483,0.00267438778644545,0.0004474025045595091,0.0047661135236604655,0.052436554616938476,0.0667736046661441,0.05753042185540315,0.05838166968421694,0.010860064586973618,0.0014706139080861258,0.00012705019203969805,0.0010707939078812526,0.0182273742522672,0.045096195866785725,0.06147052157090363,0.04900169799421998,0.00811001802162104,0.0001715307441698808,0.0,0.00012801684691894627,0.006861749163446768,0.02970433778441836,0.05564802739644205,0.034665095203242076,0.0036936604320312494,0.00014919668815381758,0.0,0.0,0.0022021408087207852,0.030792242926430784,0.04342598936766199,0.025669606884544904,0.0013340270164168297,0.0,0.0,0.0,0.00014726337839532117,0.012351598637968848,0.028052324595783162,0.010243656183078086,3.0730968549234257e-06,0.0,10,4,0,0,283,0.4539118437641237,0.04946996466431095,session_b80b18e1ac0848909db3a513e02839bf,1
0.48835004030817797,0.6425902933896672,0.1901840309060823,0.19125642385770103,4.402097740423369,4.934898912554083,0.2056301365038483,0.43244791666666665,0.0,0.0,0.0,0.0,0.0,0.0,0.0,0.0,0.0003041046626945562,0.004082370885937777,0.000942498990075529,0.002663860439789065,0.0004418419560720951,9.393697013951107e-05,0.0010273785159599165,3.829005403990002e-06,0.003937587833885384,0.03468659065980799,0.01662339372251474,0.01249203294763911,0.0029968575721944393,0.002374197152806004,0.008322877751402776,3.210922298168266e-05,0.0015456450875065734,0.04198082651783329,0.056998030219676844,0.030108451038643954,0.011760051508480411,0.008916237532991644,0.011849041870115783,0.0005788115047112704,5.404339860809239e-05,0.019743168199149952,0.06288365856684953,0.05179849355654193,0.0238823424774388,0.03331002434392227,0.023947853455683208,0.002233835921715071,0.0,0.0045675952788713226,0.034361397312528005,0.051339255865258816,0.04418930742660671,0.0515027369030911,0.013459867514080633,0.0030479952027421433,0.0,0.0023184336172524644,0.025024552282367107,0.04586251476013555,0.051542931741545166,0.04907321353768379,0.011827136849352856,0.0013042428178743103,0.0,0.00015091529167147397,0.006430202323868084,0.03697633589139401,0.03409473721283237,0.03457462626574868,0.024601388875499248,0.001134629540422946,16,7,0,1,580,0.6673477228903119,0.041379310344827586,session_c43f17ea14554657aa7479a7182ac0e7,1
0.35477106324710034,0.6637009260979192,0.15915740058503822,0.20651116055805296,1.8867092377199344,4.937058727635675,0.21111243930993878,0.4443552276234568,8.849716888818371e-05,0.0,0.0,0.0,0.0,0.0,0.0,0.0,0.0036487700764596077,0.00287214998308762,0.0014812967338364627,0.0007862011835304973,0.00020196536751933186,0.0005724274986116198,8.747384826392402e-05,0.0,0.007328279901867565,0.03233182515604009,0.02369486866407148,0.011069198997286244,0.00717179210679695,0.007966300245983203,0.0018740813001148075,3.6769314587370287e-05,0.007264422688402733,0.041932338341300605,0.03989039232858665,0.03958742922847494,0.014814723035514092,0.012653339453860806,0.001671293263074012,0.0007998956212963255,0.00426543111068261,0.03874725289829231,0.047775007510621595,0.04359015788282186,0.019576304128080414,0.01170025674813486,0.002535266814048246,0.0008424336550890814,0.006572276709307869,0.03896808950202961,0.05974133765361911,0.04150499162256564,0.017256897770420124,0.00789289204002528,0.0008036176992531917,1.0433857345392933e-06,0.010939989719640749,0.03862649103207453,0.06135792339351579,0.050512861710607836,0.02041407264502949,0.01282239804052159,0.0003739634928360784,0.0,0.010404502089053875,0.03571639792544818,0.06513179943256871,0.06109180986843257,0.02325741916231074,0.00770795191857819,4.343093120019808e-05,0.0,12,11,0,4,683,0.7156750304885957,0.03953147877013177,session_c7afaf7caec5457188057d2c296c91e3,1
0.44147556323335374,0.4994852045374247,0.17058353977582852,0.2186793200227364,2.0455357720669474,4.993642825065189,0.2286839816305638,0.4155521797839506,0.0,8.656520777630038e-05,8.04751330343326e-05,1.6870344570087565e-06,2.392956676608165e-06,0.0,0.0,0.0,0.0007653034395294404,0.01959830321663749,0.019283725131930583,0.01387541571191185,0.012311307439380454,0.009275542775518422,0.005857898120419873,0.001932228762877412,0.002800740423868963,0.06499736960219715,0.07521923102504705,0.06085127304038893,0.04499215606748583,0.032164616084260696,0.016531286538578955,0.005027781449304501,0.0006274212758232779,0.03632943753206338,0.0519641190982674,0.042831782815060594,0.025790736680447186,0.015213844240272329,0.007889434585376524,0.0014637357047310657,4.081187611955226e-05,0.014794813596631474,0.03688078671513728,0.03626760353153982,0.03040325639287649,0.022505841296983475,0.004121712333273585,0.0006213312010813102,2.225449709245594e-06,0.006620545378038279,0.029260440108045346,0.0396069147498296,0.03182324884955916,0.012941085777530191,0.004128496365451769,0.0002993588802436815,0.0,0.001211278775348904,0.011025870936623463,0.033584536752243065,0.027554896131143022,0.0057457881001207805,0.0004883545985621944,0.0,0.0,0.0002715527236614946,0.006248057741757452,0.03660469933857361,0.03481084329552107,0.004369838011071086,0.0,0.0,16,7,0,3,695,0.7280168930368361,0.03741007194244604,session_c9fe1895ac6f4bbc97e7faa4dfd0fe4b,1
0.5121787458440279,0.48417112101732607,0.17410661723502488,0.17655878076909273,3.3910777346571748,4.687036915550891,0.262009089260057,0.3519719328703704,0.0,0.0,0.0,0.0,0.0,0.0,0.0,0.0,0.0007682925013111442,0.006721716768855794,0.006018174750180417,0.006186286327133544,0.004782160813859264,0.0008214086192242323,0.0005247448020198755,0.00036756852924815,0.007899072035829449,0.051790798992618806,0.060140677695004155,0.05189192558984887,0.04523748091486702,0.04246770318453659,0.0238400866056118,0.002675704154632891,0.0009737039514309714,0.023195789967809636,0.050408419255467816,0.05802118854997255,0.0731056667083315,0.07605190729243853,0.034298531632071305,0.0013721809431827185,0.0,0.0029313730643809417,0.009607713314173498,0.03643317541097987,0.06974194966561875,0.053673568761860545,0.004356545293237235,3.9609269597703516e-05,0.0,0.0005415846711302764,0.0022281556095283,0.01926529710803273,0.03708718399701621,0.03334456365770745,0.0010310893319354286,0.0,0.0,0.00020720903436882465,0.001413937327300058,0.01602736102985399,0.02296800858036895,0.011343380772372269,0.0010076458373547519,0.0,5.3528064303483355e-05,0.0,0.00021276406902718522,0.013888697652833078,0.029004895683252475,0.003996616497047324,3.2955711231622213e-05,0.0,13,7,0,0,348,0.5215090515750784,0.05747126436781609,session_d5b12b929cbf4287bb982ff203cc81a9,1
0.49399655871152637,0.3452181589768637,0.21124848041085872,0.2172931301349909,3.2003033787901245,5.155172959106662,0.2648217345751002,0.3970143711419753,0.0004334511918125454,0.00662957031837838,0.02218654699839872,0.012092823767933235,0.01014419917650909,0.014822444417202967,0.007044827948471142,0.0004571846082035773,0.012091342358327553,0.0814231945289568,0.08656569193618137,0.051579503611738346,0.04296843992630975,0.06728817046284051,0.02974327912238332,0.0059790000312330525,0.0018498330883452198,0.031595056560836,0.04283906348741351,0.03349931602083998,0.03014359920561879,0.043692015930585096,0.027413777948798287,0.00449164935577817,0.0,0.00671837773796901,0.018669125065907295,0.014251036955861277,0.027761168501330737,0.02747528731013421,0.022078759018235288,0.0013516165203342604,3.039975961660132e-06,0.0039044093292757522,0.012905130035048916,0.014512798946915291,0.020092697971567552,0.017639915742359662,0.014806642714742359,0.00033657317614096006,0.00018483671100895968,0.002413617462757671,0.009433570074933402,0.0070168972048640105,0.01127770899510678,0.014815839799377634,0.006366620113369808,0.00022630074861799916,0.0008870557268023909,0.0012474086133845606,0.005863743277640974,0.005082778082495504,0.012098039564253241,0.015623115446374021,0.005305220993598705,0.0008953577931342343,0.00229726508331139,0.00048607209551437814,0.005266642618450734,0.002220000313565033,0.010426237961540878,0.009272312466814881,0.00132613936138654,0.00048665848681662727,7,0,0,1,367,0.771946992444415,0.021798365122615803,session_d81acb3d133f42bab42f0895ccbeecf2,1
0.5641597206880545,0.4995384038272335,0.15969592875756802,0.23066562582765412,1.9116379843671762,5.000108840908256,0.20769261025357963,0.4291603973765432,1.4203570821407797e-05,0.0011067313125803868,0.0030324295928994384,0.005838607228437559,0.011518363905973236,0.0017658534794596698,2.5216801119853226e-05,0.0,0.00034559472973226925,0.004322747521258375,0.016177309948574334,0.014438672695973221,0.01759402873142009,0.017161890552090612,0.007845375120675723,0.0015138930589116044,0.0024929233439838264,0.015230456214324454,0.057757476868938624,0.060032462807403514,0.0557101632449172,0.04380278538579302,0.03084921620325878,0.004132310414014423,8.251182064867053e-05,0.001420389859611906,0.028561479828525752,0.04339832231791787,0.050678231432545934,0.04353267717206468,0.025272140416938173,0.0023530072455692505,0.0,3.9922959831864686e-05,0.008296546084905888,0.025481741418967318,0.03865625260854041,0.04165182939807015,0.030015816222400824,0.0021162992749186355,0.0,1.6388735563162843e-07,0.0032991289496306416,0.017022804816277905,0.03481022062734332,0.03369005055160114,0.016882582794799483,0.00026435030463381665,0.0,0.0,0.0016712686236128027,0.008176919241118507,0.03847310302571021,0.03165342238316689,0.005541402971911456,0.0,0.0,0.0,0.0003954820407865369,0.00488952462615109,0.05535286695799283,0.03264291960735212,0.0008124661026319435,0.00015544169390474516,28,0,7,10,891,0.7276206668831469,0.050505050505050504,session_dacff460d3c44787aae4302601fe1a15,1
0.42654198762820134,0.6354050181860085,0.14043867140380753,0.2252622977821869,1.8830801138982647,4.614241273725698,0.28319758632640535,0.2952266589506173,0.0,0.0,0.0,0.0,0.0,0.0,0.0,0.0,3.328384908591287e-05,0.005149917655079828,0.002229357293278121,0.0038230184765336924,0.0006476037669728786,0.0009075734951004057,0.002529437023764651,0.0013829820407972588,0.00027997391427025633,0.04870965123048696,0.03684801576512802,0.03196253956141169,0.010592072586637647,0.005202562033176019,0.006640339621959502,0.006041501351942522,3.712885353502341e-05,0.03231180824749389,0.04893535468548431,0.04131027046591274,0.026828916594790208,0.00542320092284172,0.0008021492321432954,0.0007257742318743992,0.0,0.015508003935726229,0.06855815703889127,0.05903807846800388,0.03504858755963547,0.0056907082147571505,0.000158830866604888,0.0,0.0,0.0039945022872949045,0.054852325320643304,0.04612032021671326,0.026297848645482003,0.007483920047417882,0.0012091946150356984,0.0,0.0,0.0005853045318899334,0.03356201059720491,0.0633834755225577,0.03885270284248983,0.00962824684583021,0.001129872342634004,0.0,0.0,1.56679696714857e-05,0.015643205810231958,0.09303079731689153,0.08957498523442069,0.011069022521783264,0.00020979834848759121,0.0,5,11,0,2,267,0.5533197358814006,0.06741573033707865,session_dcb2051fad5a4297ae5b057f91b54b9c,1
0.5463550164720343,0.5008147920411363,0.14361027807119636,0.20594058025436326,1.5791037131908472,4.734752454401651,0.3258015147398655,0.3088228202160494,2.713548203117027e-05,0.0004118652988345047,0.0033730247754859602,0.0004988253798514933,0.0001882787687823362,0.0005116022551343047,6.641514675893293e-05,0.0,0.0011386533324595147,0.011229484964860342,0.01877188358435324,0.015790794291235883,0.017739540181172575,0.010373574919264472,0.00835212210629478,0.00030479965341100127,0.00020365671358627013,0.013559375413611794,0.03585962737816182,0.041016318002963494,0.08225569529215732,0.03869426591236354,0.019111288007271608,0.0007060849262203994,0.0,0.004339163929436429,0.016593066065355634,0.027021896137149896,0.11300149696823379,0.06730666333729768,0.017852001288373002,0.0017883231697420536,0.0,0.0008638011281295458,0.005497395582480608,0.01586979299054295,0.0795815849269146,0.042842321531173705,0.00748227524900803,0.001100972973991361,0.0,0.0016650008398115341,0.004568022897707089,0.021731109833657912,0.06255364815729778,0.03175426093412737,0.0021289402534506747,5.181049289371111e-05,7.172273456554784e-05,0.0037190373209715043,0.005437008590084818,0.01656717839370284,0.0596745981185023,0.012079191108152454,3.2671542160586485e-05,0.0,0.0018587805191351634,0.0028818971554334647,0.001256123255967508,0.011697976250161446,0.03347706527160763,0.005468889266512631,0.0,0.0,16,5,0,1,376,0.4098758566790906,0.05851063829787234,session_e47fbbd30ed54a7d989257d609873855,1
0.4738852706349835,0.5020414535130336,0.20939220567717198,0.2516950304351527,2.5024691571354043,5.391262036376865,0.19276491080138888,0.5550978973765432,0.0007014544246589542,0.004484690628595175,0.01095216443152411,0.011433227065140633,0.003028438324822593,0.002182829700981649,0.0032530248979059204,0.0011630404680910416,0.007941625367399185,0.02362408663050155,0.04070807372213995,0.027668187985716755,0.007965673927110485,0.008517990705803167,0.008416744440630787,0.006062420162696507,0.0034584663485955087,0.047191617997955806,0.0493810084752085,0.03487969267952355,0.018525300484981955,0.020812176782471187,0.015147860866326275,0.015256285123655832,0.0009166113105931265,0.044252298789135586,0.03954071274284602,0.024853043469246137,0.01947501285494957,0.018531095456357255,0.015343312563599668,0.011824861974811716,0.0010755901209659698,0.02441068255767451,0.031453470146016245,0.02005843045634874,0.0216310508145038,0.027034352990360104,0.011952671382935171,0.003311671837011755,8.829616148754149e-05,0.0064989861028928375,0.01823298018335815,0.022093414092755455,0.026420634660921653,0.02544465632602221,0.0076828061724834714,0.0005493907181954912,0.0,0.0008665939639692454,0.014241947964426007,0.02060199191339748,0.021812317976320102,0.028619283376466246,0.002443500543555742,1.660767930632981e-05,0.0,6.837380427423601e-05,0.004218167665026697,0.026557896616041896,0.055029402507476115,0.02778505895674719,0.0014775119620724954,0.0008292295430109576,13,0,1,8,578,0.7344395854549814,0.03806228373702422,session_e649e4dfafdf4ac3a8d6baae28f0d4fc,1
0.47356500895455067,0.4917892732023349,0.15639438678900655,0.23986151003308362,1.674676107024452,5.010467155007484,0.234325347588187,0.4008347800925926,0.0,0.00029163384797851674,0.002032107897597175,0.0014189654386745452,0.002482943811405411,0.00011608256460940105,0.0001060671088266789,2.1278943438680693e-05,0.00011041961998459086,0.02008588736946035,0.06787287179169811,0.042092370988644205,0.025558678737984553,0.015608526223029504,0.010632233134475574,0.0008744335319830866,6.762772713099765e-05,0.023174376245760065,0.07504014723531222,0.04834469866559028,0.03962390434696834,0.02952947934746716,0.01057356003603505,0.00026578398780410773,0.0,0.005564615313597571,0.04363350314731018,0.030194680335902162,0.02883967653073098,0.025572095080621846,0.003160032303432991,9.485042236596671e-06,0.0,0.0009109852654704978,0.02852908819867769,0.028027582190816056,0.031314788942131834,0.02309177213615023,0.007483589121885866,0.0010474263500120677,0.0,0.000261540679435104,0.02136050232159669,0.037333204245236576,0.043672769350121876,0.020206712455188052,0.0036289022778094927,0.0007985375936918978,0.0,0.00014196362558064097,0.01728444582400501,0.038637927966314746,0.04279388970459039,0.02551949053716493,0.0046865624891820985,0.0011151320791351427,0.0,0.00033227288585077717,0.00976057647341044,0.03314638491889517,0.019275462272175876,0.00635940881166976,0.00032673474441329063,5.41801836968754e-05,12,8,0,0,427,0.6563954909683553,0.0468384074941452,session_eada1f2893c2465684eab955c1343928,1
0.48919797994995007,0.5461419568647313,0.12523153769755505,0.21584345300658672,1.5655067849778366,4.655023823061337,0.2543865154465153,0.3132836612654321,0.0,0.0,0.00014655985669005122,8.328870270388021e-05,0.001201340757096401,0.0016919015343320259,0.0012451438637022115,0.0025009245032916764,0.00019712706309132314,0.0007925771789347092,0.018923570055238623,0.01795728503687579,0.009397336370767392,0.004948076375714212,0.0015268679660149123,0.0009456787182122471,0.0002294168083431573,0.004092463543366482,0.07424979820544639,0.06573125839011677,0.0424329119377661,0.0060993863443815155,0.002553585048120944,0.0009517886497489597,0.0,0.0022718609458082435,0.059826683353190614,0.05846123794670452,0.05603078044824525,0.021334651089873757,0.005180410774491389,0.0010444973753788206,0.0,0.0022705002758300463,0.026048181978096222,0.057586654234853075,0.06578347410053009,0.02955721901821512,0.003165925788405221,0.000643596899687288,0.0,0.0025242390600334792,0.01125086979847104,0.04478861108761557,0.062453770746864555,0.022101323205762018,0.0016466854242873181,4.278260412216278e-06,0.0,1.8172794228037953e-05,0.002984184762759666,0.038290574606352615,0.056185216490770636,0.015730286950252532,0.0005359862211231323,0.0,0.0,0.0,0.00027939526331155544,0.04044378251338902,0.04860391662311542,0.00505474505198577,0.0,0.0,7,11,0,2,333,0.49237527652907764,0.06006006006006006,session_ed423862c86a49c99fa24f4e6ff93877,1
0.3410084084523531,0.4868197591468174,0.1707983925397751,0.24256150041699423,1.5676975025803515,5.151474855000373,0.19790918776877456,0.4725583526234568,0.0029117691359651873,0.0013324054083001602,0.0008747800380145371,0.0017519172406045098,0.011138608946886501,0.003912158847797648,0.007124874437922774,0.00033364757963530927,0.020724535455898384,0.038499378624219864,0.02013218906410902,0.02176166067103725,0.036668106531581555,0.006619706871354135,0.003156923317828086,0.00010166632134205637,0.034553158748307174,0.06381524457023967,0.03984228248089831,0.0441055137941543,0.03688977972786608,0.006163604592024947,0.005595002100324297,6.123188285573825e-05,0.028733011166958384,0.05133144713024007,0.028863933527088634,0.03388707843539466,0.02350635229561629,0.0024119686518144627,0.0004947779104015272,4.261028270979712e-07,0.012569235589841542,0.03303424722598447,0.032776998976646064,0.023804334162021736,0.009845894563629635,0.0031063893357377863,2.547550944989998e-06,0.0,0.004445721181482688,0.020090503515194202,0.03773383503224157,0.027118271838626626,0.011195335018996118,0.0030822918609627564,0.0001102246419544071,0.0,0.0023580077150721834,0.01855714076082056,0.043682429950916396,0.05013697211367328,0.012169143167231743,0.0011425992638720087,0.0001329712801073605,0.0,0.0008130857882613095,0.008106343371028566,0.03164942210393366,0.02690598197055586,0.006450117946169142,0.0015146414280341246,0.00016617103655061093,0.0,6,9,1,2,382,0.7318921083313379,0.04712041884816754,session_eeabb109b1ea4cae82a2ab66b3f2026d,1
0.5840145846934063,0.49892577388168385,0.2604385599181444,0.28324928908278957,2.859737428667267,5.653760629741717,0.1854717290900406,0.6641628086419753,0.0011710614611504693,0.005319558282311727,0.004611661451660052,0.004022389531069904,0.014757789998715472,0.009545659589683049,0.012058805308864317,0.005174134777107912,0.010035580362104104,0.02499013042234151,0.014333979503182066,0.013175834434224928,0.01732385365666088,0.0169763528241267,0.022763904790715335,0.029392285233166403,0.018740464542449754,0.04898567741918639,0.029578071137311257,0.02949243237921101,0.019783147466237404,0.028211788543864847,0.03914367312710217,0.03574046381013171,0.0032528612382434698,0.016514514856753763,0.012686635366544338,0.011752176313911506,0.010617221316394329,0.01740876009671565,0.025509800288696753,0.014771746494799474,0.0008255028634325443,0.008620784351471397,0.013427210563312095,0.011613099565101785,0.00958069410951065,0.013429258931178417,0.020110387499513514,0.011099744615225612,0.004832768434867692,0.00562846913784101,0.007580945793425582,0.014953987555072042,0.010173203088127886,0.015260160177909559,0.02081137506860573,0.008467273507852365,0.0012255820089706413,0.003871850412852789,0.0059026320327778764,0.012538866320934011,0.011891040796621089,0.020442127574112522,0.029703626535542257,0.007953865491451158,0.000866395927623925,0.00520446760281748,0.0041601077768387475,0.018303376802352785,0.029550179371753263,0.03501694419450996,0.04974992028611942,0.019361735577635545,3,7,0,3,375,0.7573495826931863,0.034666666666666665,session_f3fe34d6a7574b918d9b892ff7052de4,1
0.4854347298878811,0.5472952775789969,0.1516935891435902,0.19774061556557274,2.0739335927997273,4.755550409192588,0.24336796694132348,0.3870326967592593,0.0,4.437858779237706e-06,0.00024142181105760057,0.0001997265797363905,0.0001428485964159279,0.0,0.0,0.0,0.0,0.0020713447837046686,0.008894145566377827,0.0028450803015638566,0.00386871199130198,0.0034542022205187625,0.002137843861381153,4.135121126080405e-05,1.4001616458525166e-05,0.019304525146989163,0.044436050609800215,0.03650126231854132,0.03614102744595482,0.023468865043533387,0.01023348446555056,0.00010091255105243362,4.2784628179162485e-05,0.029454859963939588,0.08020096092371312,0.07313817174690072,0.06129420323790075,0.042768906462401925,0.011780657350549917,0.00019358008799046954,0.0,0.011995692822974375,0.04114412265177497,0.04977799410778495,0.052993595481741436,0.03964804821308125,0.0021315941636171104,3.5548739575289115e-07,0.0,0.0027156714221744575,0.015182591456557657,0.02405717374883373,0.044498467316093214,0.04139609441135169,0.0008776869127785415,0.0,0.0,0.00023199566140247552,0.006948047019331645,0.02027638181763618,0.037510949728497646,0.020339532433391382,0.00015901753925501102,0.0,0.0,0.0,0.004116956866890967,0.034617052980362176,0.05076780862558516,0.005447741133894936,0.00019005961603898124,0.0,19,2,0,2,463,0.4972962631599678,0.04967602591792657,session_f626002ef2f74b519401317d98f48829,1
0.4089788866260886,0.5777664586749226,0.16211845804606717,0.2528137632045535,1.368382409165046,5.074934244840527,0.24164317113858524,0.4011641589506173,0.00020138467432547706,0.0008977913006091213,0.000626519707339643,0.003757123256164345,0.006326792323991142,0.0031119317091960414,0.002905294605859831,0.0,0.004407349030344716,0.018144118578587973,0.012434042466839289,0.022450455761993334,0.017187101075483935,0.004997943370118364,0.0029927000120681183,0.0,0.006420385309775872,0.052442744978003775,0.027709711371856374,0.021285975105886708,0.023432098896661046,0.011919740827384749,0.0010403550043514894,0.0,0.0018039833704668635,0.05686524344751298,0.03884112027234826,0.023433860096893133,0.04318946130199673,0.022381519579457804,0.0019114633421523748,7.585629672177827e-05,0.000726393787757386,0.0288403084057988,0.03674720905482602,0.032139815732633345,0.03775316610420217,0.010060443300956188,0.0038254204191466405,0.0001529438750217403,0.00010660716449084925,0.017750841008178968,0.02404071047066736,0.03860331148348841,0.03279432761357322,0.006237750404292865,0.005226930571975024,0.0,0.00013597089225411826,0.011926037507860525,0.02434231211395134,0.028298154865328887,0.032594376836781826,0.002716144818102383,0.0017633354925440368,0.0,0.0,0.008025103680532867,0.056017046298571974,0.07243253905644648,0.05222516661304877,0.0012548473724396571,6.871798073686467e-05,0.0,3,10,1,0,237,0.649764859281832,0.05907172995780591,session_f63c09bfe1eb47a68aaed7c6224e627a,1
0.3209776120886881,0.5321856399510536,0.16301972512696805,0.19645289527296766,2.518318340628403,4.947365995993053,0.24386502890534573,0.4019921875,0.000829437380521909,0.0010412065563736844,0.0003886489108510428,0.000560010276121846,6.89448711667086e-06,1.2134853332366251e-05,3.4528036285908095e-05,0.0,0.012929707075899698,0.023973799725741193,0.014809580729419222,0.012062502918168122,0.0019163616145704532,0.001472820910123174,0.0008521919680420506,0.0,0.02271586163081281,0.05368645376592385,0.04630612771033791,0.026658813252766617,0.009187710293150951,0.00043784163243551494,6.338480091132888e-06,0.0,0.028208251931008926,0.08304666885279362,0.06059168571836323,0.0428330437254906,0.02220732370508014,0.0013391985217107607,0.00011136820721525591,1.0008126459683508e-06,0.02128950900784897,0.06480917970935206,0.04331209937869412,0.03967301949637245,0.03254919338184282,0.005194787539776916,0.008036386545369471,0.0005168363305888224,0.00920850495590607,0.036677684548218646,0.02700366271018091,0.04042066824343772,0.03510843811969155,0.0038282056720584105,0.003858355153018207,0.00011505175375944498,0.0048982828932331544,0.022929229326863004,0.017849938346465963,0.03673963763103921,0.025425228265556796,0.0006853203595024665,0.00010439031904475436,0.0,0.0007261868758795076,0.010949460254094932,0.018763596891181237,0.016709651338141413,0.0043886190532737715,1.3622172125680328e-06,0.0,0.0,12,0,0,5,394,0.6748001475833232,0.04314720812182741,session_f7e9b8ca8b3d4b41823bbdb70cb2a788,1
0.48905698742654624,0.5548256167212352,0.1391127671694646,0.2178124228714443,1.5861321497861407,4.770312980042441,0.2716430753151832,0.3008690200617284,0.0019044690950820826,0.0015696234801642168,0.0042723178269395805,0.0013420582299463531,0.0001533368872553658,0.0007511566502256527,0.00126175739351027,0.011603082670362723,0.002935333855649237,0.0018827995150838784,0.007203187444099104,0.006412102201170426,0.011713884515113617,0.005770804637256845,0.0041911712807274955,0.005829200204085019,0.0013538288463369322,0.004633643862712577,0.008988577829901229,0.04652752744421806,0.075124357809935,0.016526181101982854,0.007497411261579517,0.002418203123766312,0.0005566988581240469,0.00834410538830397,0.022955308411430817,0.07579885988062765,0.07176926075940052,0.0115435363836754,0.004988093307520053,0.00238599683180481,0.001416563874802622,0.0036379939026543406,0.027655610841405946,0.08530833947616709,0.05104349287121422,0.009296748926638324,0.0029274451857714515,0.0001444500025600051,0.0009634436680967342,0.0030117527455725255,0.031977548263235844,0.06443410099796111,0.05326271850801046,0.00940102078279091,0.0015457495091105334,0.0,0.0,0.0018656496299541418,0.0202772644250117,0.06495175856544219,0.05032131217888764,0.006486205787280728,0.0003424292747125027,0.0,0.0,8.103563345457623e-05,0.007454363247571569,0.03857572047922131,0.030714875839476134,0.0026945283950038073,0.0,0.0,9,0,0,1,193,0.31418443765147935,0.05181347150259067,session_02f6647099be482aa41b1bfe5bdb0bd5,0
0.5902317149203308,0.5920478008875145,0.1379769459956582,0.20383866066537434,1.4887760546867423,4.6837343867965515,0.3061855903962492,0.2882894483024691,0.0018676376816458033,0.0026831560224183644,0.007500599737234298,0.010531883025758249,0.0033570680120668375,7.628781918139907e-06,0.0031797260226296706,0.0015322664846945816,0.0010737937823718272,0.0016862249368877554,0.006242239151592442,0.011302964877150198,0.015201521033064477,0.0014705992027534464,0.0036419431983582737,0.0003103562501320665,0.0006558421864492945,0.005260876374579096,0.003393518363146178,0.0068024651997031765,0.018247471470530838,0.012159532590280651,0.012045085324274504,0.00020011957455324237,0.00018147489369424463,0.005046353784062279,0.004127000108139149,0.008044263093848623,0.04794617964274305,0.06104346199406105,0.03692561953167048,0.000536702675760299,0.00039335615442270475,0.0033775460865436368,0.010407926972514012,0.01942906258273577,0.0998763391542027,0.09050485445340632,0.026607839591109718,0.000336614175675155,0.0004882886544631016,0.002565865442581219,0.005910270608897987,0.030129353688352917,0.08601962787702963,0.06982353741801002,0.0160298575919276,0.00011903075005065138,7.302500003107446e-07,0.00032516323418092054,0.004327912081628899,0.03819614577157283,0.06907785894428844,0.0658726363205841,0.004238899267761234,0.0,0.0,0.0,0.00020596157455572833,0.0177040567096613,0.024907087340385995,0.018787234981398823,0.0001313673138856882,0.0,9,0,0,2,267,0.5710607894345712,0.04119850187265917,session_09510fcef51341d89bc860d3d4a49c02,0
0.5120237196196323,0.5355486455005488,0.10774005372159666,0.20565920659451595,1.429067814491226,4.36306591212394,0.42136708538691997,0.20305314429012344,0.0,0.0012584362780024756,0.0023720887998350815,0.0015496688035381676,0.0026162907352415945,2.400997289816999e-05,0.0,0.0,0.0,0.011678667993304137,0.01130203718225425,0.020438833290988105,0.02624113884199973,0.007161945674576839,0.0017280182605134181,0.0006029519525694206,0.0,0.001546387038398317,0.011493513699788903,0.057020669304900184,0.029274358533758493,0.01357055733517582,0.012541820486336841,0.0020340428598044653,0.0,4.826125205662309e-08,0.004985146031188882,0.13609545187649763,0.09075472948808108,0.015604889762492625,0.0043653509016517,7.519103070421878e-05,0.0,1.2017051762099151e-05,0.0023019893312228364,0.10839670256925774,0.09604348705595818,0.009296878681805674,0.004422419832208657,0.0,0.0,8.27439166510803e-05,0.0010137034688233397,0.06008909558003425,0.06236680950147261,0.009176539249802485,0.005437136787325186,0.0003722390371127339,0.0,5.0360616521086196e-05,0.0017774619132454284,0.031111205917659597,0.05285072821282575,0.007826044633502002,0.008379166843322959,0.0012946322170449428,0.0,4.3435126850960786e-07,0.0020495588523406693,0.02854052206561151,0.038361517944752115,0.0020149555346160707,0.0003864037145913528,9.000723508560207e-06,4,0,0,2,102,0.2751552838040897,0.058823529411764705,session_141ba797f345475984edebb334bb94d3,0
0.526577215742947,0.5034742542219528,0.12724076921264324,0.1941714525691399,1.5287517061740488,4.546753738370954,0.385572445671437,0.23369261188271606,0.0,0.00038900871083898917,9.82544917711586e-05,6.485018166919269e-05,0.00021239820184303107,0.00010180185213596914,0.0010839033498019539,0.001153150780256693,7.713661209939586e-05,0.005977320690540993,0.009091681380821847,0.01485508885103067,0.018168157149246616,0.004467438483598041,0.006617748567235929,0.003980027474306026,0.0009624986364833597,0.023959684840680655,0.02717545939055758,0.0634126138813532,0.1076784425728177,0.021418130470140538,0.007290804768953029,0.0007087515153880058,2.7584422003448627e-05,0.004798636305991757,0.010054235444810907,0.06418059892449945,0.11024381229497365,0.015027246683735382,0.004936521464338534,0.0011748598866559241,0.0,0.0005307922704200105,0.0050085402700782815,0.053470434377232805,0.09893963116911833,0.017548218973825507,0.010669425330577034,0.00128116984258884,0.0,4.7298138197473866e-06,0.007492874978900596,0.03763562741128126,0.08060912685567594,0.01913063730989474,0.011930419561091015,8.212508761241067e-05,0.0,0.0,0.0049991545457797205,0.024235325826527574,0.04355264297562047,0.011695887308638384,0.00586203147868465,1.847583523338823e-08,0.0,0.0,0.000409369081266183,0.011482047991647149,0.023246203511472902,0.0007957172718315642,0.0,0.0,9,0,1,7,286,0.5022325897170312,0.05944055944055944,session_1fe3688ab3074e09a9bd9901da5cc77e,0
0.5583387274636659,0.4958319100141627,0.11187568907709562,0.18988634765553078,1.3840828901846276,4.352998895034304,0.36590764280165655,0.2160204475308642,0.00011942385324162691,0.003160964436756867,0.00060418036181089,0.00038922093895884846,0.0011954329465978298,0.004865393473843866,0.0004718638613741823,0.0023475332492852176,0.0015659121218548375,0.006751900413961121,0.004160917450610754,0.008784038059656597,0.016005202727655564,0.007833530279936433,0.004704305643563096,0.003943077381791419,0.0017386279254913894,0.002798389472995481,0.010098403041891881,0.07064364433331709,0.0943453710083183,0.041238730460679406,0.003546637262999903,0.0005176731582199189,6.230275149993391e-05,0.0004913433514822812,0.0054036175819524015,0.07527133182011596,0.113284792692293,0.07699562677542862,0.0027174503472803145,0.0009049795215053835,0.0,1.4754528125160554e-05,0.00235387418339615,0.038001007347842834,0.09399048947707932,0.041041757510208506,0.006651165629678031,0.0007227786640740853,0.0,0.0,0.0018791648058835437,0.021026484817107526,0.08168600344184498,0.022356781176735094,0.0015028189492053412,3.9029239873936607e-05,0.0,0.0,0.0003009923737532753,0.003594080096888068,0.05842273216096312,0.02314233684499885,5.766561408916917e-05,0.0,0.0,0.0,0.0,0.00038482971035016974,0.021932307454505775,0.013910077298797199,2.7049968229461015e-05,0.0,10,0,0,2,207,0.36031531505403175,0.057971014492753624,session_2047213c712741088a17f93a741c629c,0
0.6565036676161113,0.486316799827142,0.1651305229326861,0.17290688282749805,3.353107026981821,4.456621583696148,0.37587026797419526,0.25622251157407405,0.00040048427079115875,0.00012504102284775372,0.0,0.0,0.0,0.0,0.0,0.0,0.0071388317386348035,0.00796224084691203,0.0031251851005311125,0.002413327460964813,0.0033186194235585733,0.001889819296916454,0.003357638274075844,0.0018411560455443487,0.004459138112884077,0.02190174095303196,0.016119029640479638,0.016037503986194766,0.06493650737919585,0.06328966815087482,0.04337671191529585,0.01816706753965514,0.0,0.0026520211291803197,0.004502653481446957,0.012384083074137435,0.1121282837267587,0.11170819547775936,0.09737760336050427,0.008885707987587341,0.0,0.0,0.0010958266618348008,0.00480757623788564,0.03536675334650729,0.053181642666711715,0.08241623801086985,0.005159838504402627,0.0,0.0,5.956835822103542e-05,0.0018120547488472997,0.017452499382201534,0.035784509289417565,0.02861197467720726,0.0013369366832056584,0.0,0.0,0.0,0.00036627711481802095,0.009086937676011628,0.0373557902051591,0.014679114289322906,0.0005058372683644469,0.0,0.0,0.0,7.131393573269638e-05,0.011310255731899609,0.022985443825556867,0.006529637590521054,0.0005257143995380269,7,0,0,1,196,0.4846100197605487,0.04081632653061224,session_211cc9e12d30427bb99b5d409fb47e90,0
0.472004320693265,0.5275560803207047,0.1318698760282101,0.1744166196697807,1.988935796970158,4.203738118371893,0.42816061334902605,0.18405092592592592,0.0010438593721093857,3.129819790603099e-05,1.4746491747485765e-05,0.0,0.0,0.0,0.00017526990827377355,0.0,0.014835861583004708,0.010495586918928735,0.006172801734731339,0.002853856429141009,0.0055284808560411135,0.0011841737649690078,0.0034361904649371916,0.00021805583425018297,0.009551999001833652,0.012943715548098379,0.01233296696858526,0.03726747929917263,0.04026167356551626,0.007111607005854263,0.014047756548690747,0.0018582689592702133,0.003103820014215243,0.005350092850148237,0.015039428813280414,0.1490000999432342,0.11417031654059588,0.0086184218191999,0.00555600451472402,0.000443004305342593,0.0012283663515254635,0.0018849251772620913,0.020674112543115027,0.12333241267398369,0.08562422661508255,0.006683278859230154,0.000430344360122176,0.0,0.0,2.0513800125675745e-05,0.005628658533683413,0.08097003219822624,0.06650170758044463,0.0046762320992770395,2.5226113068830973e-05,0.0,0.0,0.0,0.0008526238662520863,0.04548692528918538,0.03732158884281841,0.0006264328449806353,0.0,0.0,0.0,0.0,0.0001154399449358027,0.021213824763335803,0.014050968423681852,5.321865861175307e-06,0.0,0.0,7,0,0,0,149,0.26889075304897725,0.04697986577181208,session_227e9e09d442499abb4e46af09940436,0
0.4844632145168567,0.3198455271612064,0.14150421401366328,0.16286951569773822,2.483689543452581,4.510310953735946,0.3284840106934347,0.25859037422839504,0.0006152295482278194,0.007221168113538239,0.010885523342002512,0.02603986699072896,0.02901696796065547,0.007600074044541125,0.00593038704274438,0.006280155549491135,0.0002927731118757164,0.015838697812344104,0.07411143096125301,0.07640857908808767,0.08231003341915852,0.03206904491395768,0.006747702028757989,0.0018916295600943254,0.0,0.007688663414659444,0.08302847222777837,0.09081945781497193,0.07639967409074476,0.013130828007294796,0.001161897440667939,0.0005003857893915927,0.0,0.004875417807718965,0.023932811556216353,0.06657377719502171,0.07825155529105174,0.03613134434360625,0.00025995086113286136,0.005295300374004771,0.0,0.0006938903580902438,0.00984693111358476,0.019825134170759057,0.036369868621094086,0.010049408917153859,0.0005813666751901025,0.0020266886864618843,0.0,1.117389513335242e-05,0.0007427484278031008,0.007276730520331107,0.02262186629603681,0.0027343118469679278,0.0018517788440156823,0.000268224661346107,0.0,0.0,0.0,0.0025513329168910756,0.00631847092120031,0.001026684779863433,7.574365556043472e-05,0.0,0.0,0.0,0.0,0.0007342357962434934,0.0017424623249095413,0.0013421468696435141,0.0,0.0,7,0,2,3,247,0.5017357707639026,0.048582995951417005,session_2fba67581ca5472487c1e2622428a1fd,0
0.5360879852656503,0.5558020153813471,0.12198648882652029,0.20732388649195316,1.312506912094683,4.5835701914062446,0.34924905141405027,0.22557484567901234,0.0008235114474282333,0.0008513805535048523,0.002149510235005474,0.0014397183788248486,0.0006771134001822205,0.0006660052374897369,0.000558997201729995,0.0006303299104579798,0.0015487542374993735,0.009178070074991941,0.00504355449577582,0.006822170536066831,0.009682100713996448,0.00547004333995929,0.005697464577118976,0.004427957705787193,9.349519810636512e-06,0.009291053907482858,0.007660684283997353,0.0475343584534473,0.05340517497177692,0.020880259264158336,0.004230289834934676,0.004342322564642553,4.66578723755373e-07,0.0040998631363095206,0.005166695388176181,0.09177581961865552,0.09878921565011994,0.046211428318245526,0.004647554776656212,0.002856502618843568,0.0,0.00030004601004576293,0.0033491738604581834,0.08678107643551872,0.057801620668375096,0.012482093471259028,0.0037168378947774173,0.001229811789141518,0.0,0.0,0.0026189422671099665,0.05770914835439389,0.07112319693568321,0.018893441441059255,0.009694608612860199,0.0005309306969625563,8.958311496103162e-05,0.0,0.004705356702395291,0.03493064944330788,0.06844612972679465,0.03277204092318917,0.001567919855844402,5.886070053529321e-06,5.293873981070578e-06,0.0,0.0011628577422826219,0.01235021320045602,0.044451529262911314,0.016713890714378146,0.0,0.0,9,0,0,2,184,0.3703356429979021,0.059782608695652176,session_3294ed22ce1a420f82261ff60f521414,0
0.5096013601769828,0.4707290990378157,0.14580894004714598,0.28323525889111417,1.228867322031612,5.009727667479791,0.2934493569949279,0.2814646026234568,0.00035340790848757567,0.00558750021960119,0.009668314952705526,0.020546408680991935,0.02871907476692125,0.004229681224059886,0.0033818681637018326,0.006431654079837963,0.004786764932846497,0.020023162736767706,0.0157524630597354,0.05291339119892728,0.11046991388938132,0.027269283940374634,0.00931429717753107,0.0015216173837659507,0.000453308006422329,0.008324050736108108,0.006330947384027013,0.027188958595776837,0.061488687336911076,0.016574897796671668,0.008268316790174835,0.003898307208775722,0.0,0.006992396988745855,0.010551362569070107,0.02001442787196207,0.0447724775269536,0.013811257395395913,0.0016273997442612577,0.0002867750546661874,0.0,0.005275956708200097,0.011568069355456097,0.026819320364170677,0.053563469740903646,0.017732247710299787,0.001785001100022445,0.0,0.0,0.006450756678320563,0.00925079234961981,0.017427609463643693,0.06351480218255942,0.012529494677644241,0.0023172179864794917,0.0,1.772548015738731e-05,0.012617374499911776,0.010667611028837036,0.011703144990040581,0.05796257586520262,0.008050574709839694,0.00037750747917880706,0.0,1.0426753033757242e-06,0.004401939053425129,0.02163956520754619,0.019803689421966583,0.06323213880974994,0.009732764090325505,5.233049635810239e-06,0.0,6,1,0,7,198,0.5159090693550069,0.0707070707070707,session_39b3b152fd204671990cfdced37194ee,0
0.5267924156651119,0.4187832252894932,0.12320477006865495,0.19238099155327987,1.302963491210225,4.483579020014128,0.3629463414874314,0.23307532793209876,0.0014878486459554646,0.0013805056968273762,0.001247740217420226,0.00717720729903486,0.0068144689725008,0.005409513274944787,0.003797682307084442,0.007119888838656724,0.004890380040083109,0.008200019666371003,0.012679521167174046,0.04273258374706488,0.059185473982562756,0.022936076134111156,0.00686137832753455,0.0018833338659452199,0.001114792388722371,0.008490623652657181,0.011453450123799213,0.08726212857937792,0.1183680607680227,0.04060783461600104,0.0019709223085803136,0.00027220190369924257,0.0002261283162478886,0.0020567936287279394,0.006058084114658256,0.07252395989902043,0.11335138864835245,0.03399721695473372,0.0001529150760300049,0.0,0.0003115589589429783,0.00012939201752911576,0.00130480034963653,0.04359406257945016,0.08745327622335898,0.01815414833467459,0.000650363941072064,0.0,5.9916937770675675e-05,0.00023962216376002658,0.0014020077173562896,0.02700273884075906,0.057207455247419194,0.007619951376865549,0.004821968664520446,0.0,1.1548788411289251e-06,0.00164536804157576,0.003029110438313142,0.010024910584645408,0.018173720491876877,0.002759658969748693,0.0007115573238776717,0.0,0.0,0.00392137590927904,0.00296194511623696,0.005365232788852027,0.005211223617077795,0.004513783167455502,1.9572157202290205e-05,0.0,21,0,0,6,444,0.43495916248574407,0.060810810810810814,session_41e84e5483e44d3ba7a81db8f03038a2,0
0.507102522794366,0.7002628953112402,0.09546490505765964,0.1944057630921683,1.3150903508491871,3.991560800582042,0.46287108814987343,0.15792148919753085,0.0,0.0,0.006237348549247332,0.0016998887435749643,0.00045841076465516457,0.0,0.0005151973463760407,9.873833123646834e-07,0.0,0.0,0.008033206134280182,0.003227105820085178,0.005284499570295599,0.0025203561111103888,0.004905729698664581,0.0021159383558777027,8.332551855565376e-06,9.42589825511066e-05,0.006769018339175994,0.011025531468700889,0.013097519225918456,0.003025992697120362,0.0027099577896042217,0.0010716962142327017,0.0005119221236813676,0.005382154188140448,0.0029254000118582326,0.010316277177665466,0.02928229707936351,0.0032703098606310863,0.0010945023604963446,0.0027446125356162406,1.664102119131698e-05,0.001263176329272009,0.004703605109867586,0.07498444148807432,0.06673468533562868,0.019613213539173373,0.00026724372237343637,0.00010552960182395226,0.0,0.0,0.0051946717713902265,0.14180825622953377,0.11528213129529712,0.024726654971231745,7.176590904504284e-06,0.0,0.0,0.0,0.002128364936101609,0.12285020764189408,0.072211387496558,0.007792645843860405,0.0,0.0,0.0,0.0,0.0016547821839637679,0.09745567214866699,0.10122229866014011,0.011648762998961514,0.0,0.0,3,0,0,9,143,0.5693309463435571,0.08391608391608392,session_425542a2ac854c9f884472d86a4dbe21,0
0.4797377207236094,0.4835256263928687,0.09358938177390727,0.21039002512704696,1.6422415326633215,4.196626744916721,0.3877669006171051,0.22392602237654322,0.0,2.563268970089271e-06,1.9827639386278774e-05,0.002401462616352386,0.001221831158264538,0.0,6.464715123092793e-06,4.561110961482379e-06,0.00011749572617306261,0.007764330186059967,0.009111629590897183,0.05005057838562267,0.0353523983122457,0.002262103713669738,0.0028501289239477906,0.0011009428702192985,8.189267408116089e-05,0.012610077088617994,0.016732247086538542,0.13147417424525723,0.10316168107396598,0.007943645928570477,0.0021734447634101798,0.0008913579367825874,2.1863176509584957e-06,0.0026833468127983795,0.007731309250504111,0.11238492595045778,0.06654905911160226,0.004960000847386565,0.0012069038860269593,0.0003352605032349114,0.0,0.0010739343082035785,0.005143331121445818,0.08752489221595337,0.05759107487838278,0.003725146021046059,5.8992881443966306e-06,0.0,0.0,0.0016868571531102187,0.004312398481119893,0.06978211403308905,0.04659199348989994,0.005957169019449161,0.0,0.0,0.0,0.0004100099498185441,0.0023839343800128045,0.04469875548956562,0.027730197621063993,0.0002881604359095211,0.0,0.0,7.003755509449802e-05,0.00030508555013849284,7.228041544332614e-05,0.025926843662776408,0.030202131286527878,0.0011794429824282823,0.00015047896659700543,0.0,27,0,0,3,454,0.46235564748153746,0.06607929515418502,session_4420f4e4499d42148c9b2cf5ed1a97ce,0
0.4631873565176209,0.5427659878189465,0.1225929215240582,0.21885028849615626,1.1086690140992463,4.545207986079403,0.3141588075007483,0.25806471836419753,0.00029643152709459697,0.0010009131519857087,0.004219270454664287,0.0006449364273087909,0.00027983293459297586,0.0001247925769914571,0.0013504503437375157,0.00184036279902475,0.009336077437333308,0.007037721292787522,0.006450314636725712,0.01587639806479091,0.012598479178950048,0.004379652511333455,0.009021097433721599,0.003419834393892727,0.0043123405488490925,0.009290443597138822,0.02172773782600156,0.0856044470857271,0.0492109597704354,0.0058104905103651,0.008356727708577741,0.00024437453955496207,0.0007141655026487208,0.005184217258633156,0.032447135080476384,0.10828125408871425,0.05120249593019061,0.001562840231206432,0.003115423089356581,5.718567406777643e-06,0.00012636559266782,0.0021037282257558017,0.02229792323752319,0.08775218697926115,0.05331417116222804,0.002480383552344907,0.0008772184088517131,0.0,0.0,0.0005715454146584841,0.021236350668517735,0.07979297344056428,0.056605067427398896,0.0032738880331701814,1.940052667514249e-05,0.0,0.0,0.0,0.01185146058847729,0.05841659160569033,0.04702202652887661,0.0022863455144335578,0.0,0.0,0.0,0.0,0.007707105005399786,0.04798572802876836,0.028304926008373917,0.0010272775501447495,0.0,0.0,9,0,0,4,203,0.4012067003625396,0.06403940886699508,session_4667686ed48a4de08210cf068f4f49b9,0
0.41374259660173734,0.5254370960340857,0.14389703955462058,0.19724704852907515,1.9600361867006886,4.658792032582774,0.3646273008917775,0.2797776813271605,0.004528187237212709,0.0006150337983352899,6.996359274027624e-07,9.439703205111117e-05,3.062252636093629e-05,0.0,1.2880476817312395e-05,3.69730678558229e-05,0.01836759582025298,0.007463913406742962,0.002708165099296816,0.009984898986385408,0.008193400467048242,0.0029819559588870966,0.001282917018263619,0.0007896916288274256,0.023562231126773706,0.015594149307114662,0.023201003715640836,0.06485124538244773,0.03799633024810633,0.0038736150392877865,0.0014166371773113163,9.046830722800335e-05,0.008492683189531839,0.01562780358916101,0.06173142526709678,0.1288604878959576,0.07376754915633056,0.002382009181447851,0.003733400823683171,0.0007687743085363584,0.002427413759198015,0.009697510074667657,0.048149715917316524,0.09120581319239963,0.03092661683799794,0.00071657070472246,0.0028792529926209218,0.00014521930339295798,0.0013731162347503138,0.006946218699230426,0.021557469225257975,0.0686586461599908,0.030671052391285637,0.0014497353384922932,0.0015992242149806834,0.0,0.0007280519096849669,0.0060786880886337545,0.013914682233075707,0.03341292559077706,0.03471711871698683,0.004975846594453954,0.00014498609141715707,0.0,2.009210868438702e-05,0.0030375680454242395,0.014236281547705178,0.028677000301273993,0.015984779366581204,0.0026272584830766502,0.0,0.0,10,0,0,1,230,0.3326052645723696,0.04782608695652174,session_4b30383221d740a9ad8e03a5c84b3321,0
0.4888142775420635,0.7462847869886688,0.1292752133140847,0.170334789143168,1.8374547265746515,4.049314470650499,0.49211370715080927,0.15363908179012345,0.0,0.0,0.0,0.0,0.0,0.0,0.0,0.0,0.0,0.0,0.0,5.871210409449674e-05,0.0003637541027010154,9.251604281557062e-07,0.0,0.0,0.002767558115672144,0.0006194779338681567,0.00010368913414022031,0.0021215114720723365,0.010459389359483207,0.008353344672004652,0.002780320585168241,6.61845537065236e-06,0.007531043105810053,0.017238775200510138,0.010061855040123378,0.009763455218949772,0.017373350459713402,0.019667724599477295,0.010212703634037278,0.0003252769177146421,0.0042040238737885705,0.013951039703591883,0.009522201845761476,0.017256970022263868,0.02789705032998456,0.008060092538341553,0.00040030980064429593,1.2928523931919484e-05,0.0030155248324801338,0.011038278844823814,0.009948653359016736,0.10074705281249838,0.12627453006535358,0.017657445877343986,0.0,0.0,0.002260048315673088,0.0017878369443175117,0.005785692375000922,0.13082093446374654,0.11051919030623546,0.011408366738148356,0.0,0.0,0.0045489663811170864,0.005687625369616417,0.0034247304064720808,0.1105119076331215,0.1310241613711314,0.012424951994255655,0.0,0.0,1,0,0,12,77,0.46971889785694404,0.16883116883116883,session_5003614b2be044ec9c6d0800f863f337,0
0.47501975369671634,0.5579029942481256,0.12864634013474513,0.17388746800037275,1.9127773613632844,4.3261425315057425,0.37293212099362844,0.2194502314814815,0.00020588853621413805,0.0,0.0,0.0,0.0,0.0,0.0,0.0,0.005555676278047252,0.0005270720405310628,0.0006140575389807438,0.0025249140883512426,0.0006331754103554766,0.00022143099014133332,4.455394618415532e-05,7.787553070664011e-06,0.010612051223683356,0.013405105294492849,0.013117276026912542,0.05618495872817275,0.034635476966973056,0.00909178045976897,0.002515951055571799,0.00029468623254818747,0.007273917416248581,0.01768422693491266,0.016605218192788436,0.11163920988237545,0.09380816226661483,0.02347746439688283,0.005728586077987299,0.0004963789592462654,0.0015747346570878348,0.009248968218604091,0.006802027617601888,0.10185458209092339,0.0955561005935699,0.012184581856317229,0.0030449659028437613,0.00023150419820129075,0.0004608533502698191,0.004303284278878055,0.006691222328942356,0.08742473603419497,0.07619457839697841,0.009000566499589096,0.0001866890343040733,0.0,9.398939838115873e-05,0.00213432830289513,0.003309334554569678,0.0577131150018002,0.04141603575378265,0.0038706587677260094,0.00011245422547323629,0.0,0.0002680583519229191,0.0002731194451134974,0.0005015706612933748,0.028172558919246977,0.02032277072844592,0.00014760433398715582,0.0,0.0,18,0,0,1,335,0.26359724775859117,0.056716417910447764,session_5070a5c3712a409e9130229f26ececc8,0
0.5401765475470042,0.7028565001442869,0.1534485783677095,0.18438656130363928,2.2510581569112045,4.568634060605142,0.3672890973797342,0.2160349151234568,0.00044955772684651294,0.0,0.0,0.0,0.0,0.0,3.7528984227081483e-07,0.00014946411770859242,0.004841969792881091,0.00026293991475310986,0.00014660006364915725,0.00017672201151563055,0.001636559993755177,0.001482592397939335,0.0024509389514828454,0.0043213045169727396,0.007024339481976764,0.002916002074444231,0.006111970371222491,0.008196962222297368,0.014754658413555817,0.006696355911929034,0.0059625852619017445,0.0033632883101401578,0.006166999713357569,0.006828161654953937,0.008362030496605641,0.018806445567487225,0.012788692698771672,0.013163330721842753,0.0036989949500998826,0.0008050559679617827,0.0022256070293446635,0.008380498707264757,0.005831944892597578,0.02505986070505189,0.04479102044389441,0.04868030709612255,0.010125813746890625,0.0,0.0013784988469515878,0.009130268555830962,0.011845589325145114,0.05142008096147519,0.1249671127585589,0.07246331324518736,0.00644700543988552,0.0,0.0004586041872549357,0.007452406927329033,0.01167125731736184,0.052386017759189385,0.11714312938318784,0.05200294559071569,0.003946864014871275,0.0,5.0980162257945954e-05,0.0016762222044541136,0.006143711991039817,0.045387296746971846,0.09504560917205214,0.03248897991006317,0.00975575821031464,7.839607284067705e-05,3,0,0,7,233,0.6349903694245461,0.04291845493562232,session_5330e3e4aea04b26bb70a0ad5681f6b5,0
0.4842875651156873,0.49678393761447126,0.1210413407289334,0.20126025194951533,1.1788716288711234,4.69054543424304,0.260942404506302,0.3425405092592593,0.0,0.0007641586560067179,0.0019209957351439698,0.0012880029020074589,0.0036125832974641704,0.0015109880339610742,0.0,0.0,1.8978145926746727e-05,0.009016860913360722,0.017237329420307628,0.021841658248100516,0.0250059111374451,0.008547795722297889,0.0026933017382947087,0.00036876445049484357,7.364943172253671e-05,0.005357451923646856,0.04269107522781858,0.07378559803360113,0.0678214273936658,0.025065324265494023,0.0050194340093979006,0.001710059193278999,6.412263955942251e-06,0.001411743430985827,0.04430710584460078,0.08344525877203098,0.07849996993240935,0.022744052382700292,0.003940514020011005,0.0012329005396432022,0.0,0.0011159494666181848,0.03760055669228052,0.06753794066532788,0.060570029789546266,0.01288765907533645,0.0021619675369168585,0.0002903839534333848,0.0,0.00045354643459803295,0.0216038009745348,0.05584851279661571,0.04527849378398365,0.01185923970594543,0.0008336050911867042,0.00020221801826773175,0.0,2.1413728538583617e-05,0.008505884302928713,0.03699155327017918,0.03058589556264868,0.008265742323550122,0.0010456839859581118,0.00011472025178320212,0.0,0.0,0.0012965058873204646,0.022462289960636244,0.017273184213889847,0.0037499135152634514,0.00047726642277791343,2.6737524159147433e-05,38,0,0,1,701,0.3866585459674314,0.05563480741797432,session_53bfc079e9454eb8b4a6dca842130f0b,0
0.5298264519673576,0.5808099087100769,0.11582485629827487,0.18599522311312103,1.3952904629894491,4.187097525901334,0.4559969336373583,0.1792013888888889,2.8529750574731203e-05,0.001033424807936224,0.0018098077757598482,0.0010775026496538656,0.0008134841019771391,0.00018186781610913803,0.001384079113471763,0.00503070448998972,0.0006513254847366582,0.001483073610444171,0.005116667493904849,0.002914594335351994,0.0018855798032688068,0.0008531267510290145,0.008264034693771375,0.01256662008219359,0.000571541850378327,0.00011063064851686161,0.010760275743403075,0.018118135791845347,0.029720325720549372,0.002873257343034545,0.005741606073961472,0.003073962269566824,0.0016481724115866767,0.00020277302198878824,0.01731302373894516,0.07791307939313807,0.08011188844922343,0.010199522872936415,0.004999234555512965,0.0016721673022447258,9.697623514135707e-05,0.000581508575469936,0.004269869613309007,0.1279869776763298,0.1531764550870464,0.028308887946701142,0.006082393321656318,0.001536320839246093,0.0,0.0001280475006144486,0.0008397464225935292,0.07755352978545826,0.09511980800898122,0.021332030881698362,0.00034317926171683217,0.0,0.0,0.0,4.1685827695655285e-05,0.03308521669554027,0.047711036932098494,0.006126047577557566,0.0,0.0,0.0,0.0,0.0,0.036116496464902274,0.04814207287549786,0.0012976925237402409,0.0,0.0,4,0,0,5,113,0.237613891685721,0.07964601769911504,session_5ccb7c7f5a1145d48c8e8ef583f41699,0
0.5248337449924733,0.6272721847162842,0.1330821254076511,0.1746651977549096,2.402653620234766,4.370711354290457,0.36844479400142643,0.2223312114197531,0.00028033499704499613,0.0,0.0,0.0,0.0,0.0,0.0,0.0,0.008938254742488163,0.0014335784671567695,0.0008564699418836137,1.583940476190922e-05,7.973998212880777e-05,0.0,0.0,0.0,0.0059262777185370725,0.004863502338034691,0.00921203679430069,0.0044657760078251904,0.011296098050633597,0.0009723821816956469,0.0,0.0,0.0005824444949624514,0.001372355235984851,0.01390527489249519,0.0739778463269937,0.08993160934455982,0.019788864853517895,0.0025849309445014593,0.0001826961130812177,0.0003753339802151231,0.005208299593466512,0.013240113505998323,0.10051167643099193,0.1208414026612971,0.04121678981398211,0.010461383886921779,0.0010659395169146308,0.0003296505905944866,0.000994044346364121,0.004910440148599828,0.07421579312973495,0.0752573556903848,0.03913241027173791,0.008640638692730114,0.0017460041731401964,0.00041410869329067156,0.0010974498221324714,0.001523260203338265,0.03374133967438752,0.05724967496455512,0.0334429747166029,0.004497398649247016,0.0017694262716711048,0.002697435652792609,0.0019467489696616985,0.001727262749775337,0.019411396485427054,0.060007304099983116,0.03010063563943209,0.0013646414833112025,0.0001953526587302137,4,0,0,4,122,0.33201321465735845,0.06557377049180328,session_64cb355f03bf4b508606d10d07adbdf4,0
0.7135253105806068,0.5783040407884615,0.1087441034451793,0.15734784729413917,1.6809079331822485,4.127494586545757,0.37253949028140804,0.21313850308641974,0.0,0.0,0.0,0.0,0.0,0.0,0.0,0.0,0.0,0.0,0.0,0.0,0.00014253447314453333,0.004004232728220091,0.0009773518944296072,0.0004513432107968265,4.78624825871502e-07,0.002079720593376851,0.00017609564593464304,0.0009330886705330107,0.015286243108711895,0.02416308715922726,0.019527854605571215,0.005164955365937588,5.073423154237923e-06,0.006412826011949768,0.0023851789572480434,0.0034679623283206252,0.06681537476189851,0.11198467374385584,0.08611996045869719,0.009514448898548347,0.0,1.3037740256739716e-05,0.0001224513754509651,0.0024022945810212083,0.053089659180451096,0.10975349711058022,0.09773147531431196,0.011848874479260975,0.0,0.0,0.0,0.0015241328955052113,0.023274931787347065,0.09288597330215405,0.07845072513384169,0.00858421283197753,0.0,0.0,0.0,0.0002776789789776107,0.009760653508976647,0.06481395719003423,0.04142199206026507,0.004176939710387564,0.0,0.0,0.0,0.0,0.000773093963740685,0.018213493398748965,0.018584829683653114,0.0026836111086754426,12,0,0,1,353,0.5279201084946368,0.036827195467422094,session_65a6e1a50bc04fa1bc968df0f2ca742e,0
0.5697772213446627,0.43461009025447866,0.11469196302377176,0.25844069173061085,1.6890827527514765,4.71906627686981,0.26799092403092045,0.3596127507716049,0.0,0.000187525497008811,0.009269787748959833,0.01779918928482512,0.017399848853455753,0.007681893383722875,0.009134153322657022,0.0026067120547925544,0.0,0.0008250404225920473,0.016634000133591904,0.06722576535189047,0.09079117045830304,0.0605358884717362,0.010857999532980363,0.0004959185464759062,0.0,0.0011368560745950702,0.008772351112649443,0.04973347862833131,0.07071490162501856,0.053411975907086275,0.01428718505846302,0.00011827299892298427,0.0,0.0010874629517076302,0.0014390525573741353,0.025467778681271244,0.052346773672678856,0.04277492744910673,0.003698632670286897,0.0,0.0,0.00042178055928637634,0.0007884820592143361,0.0292285840306886,0.04608462550379881,0.027479578931562856,0.0005498797396834755,0.0,0.0,0.0,0.0009693969650348029,0.023844015993490432,0.03446069444605454,0.028364183678933383,0.0004732438046753855,0.0,0.0,0.0,0.0010942391526961,0.014884235989548918,0.04495945872092927,0.03406145062040191,0.0009757453407062816,0.0,0.0,0.0,6.875566868545013e-05,0.004181192026219344,0.03570569372013158,0.03437195519482061,0.0005982654029534852,0.0,11,0,0,2,324,0.6541442936639656,0.040123456790123455,session_70f3c13f8b214ab9b7a270abd93bbc4a,0
0.4694323750584472,0.28680643983893245,0.17408809907645512,0.15694930260266696,3.9360686647494503,4.52800392350633,0.39081301975138344,0.22898485725308643,0.004987368655626489,0.016509260490749706,0.02005172540402718,0.013693182446893944,0.009680726865775474,0.008339375708879085,0.013438147222150611,0.0069474317173758415,0.004147685395568608,0.03230578332905546,0.07548630414491019,0.07297778714199973,0.09738769569244322,0.040413792975580384,0.015231618829284175,0.006939502547975469,0.00445299786608694,0.040479908835854145,0.08451034982450006,0.1025934912683178,0.11402323116453916,0.039006858514564,0.005151967955741191,0.007068361412882521,0.0016016330459693202,0.0043325218295260535,0.00977512737510429,0.0303695669484132,0.03316542758272821,0.00327715332719684,7.05341039197336e-05,0.00012359247627546162,0.00015235050857830603,0.00012895748641700736,0.003686314247697666,0.014548191489598813,0.013610616518759715,0.002822547614908803,0.0,0.0,0.0,0.0,0.0013773282837279302,0.0044948133863078115,0.008479911360564796,0.002617079561068796,2.9882317516330095e-05,0.0,0.0,0.0,1.0079118317389226e-05,0.0020055867507445284,0.011574693791553063,0.002653036963598347,0.00036207901164836404,0.0,0.0,0.0,0.0,0.0006401522211171572,0.004926479735380343,0.0041839386626280235,0.0031558488699523317,0.0,4,0,1,2,202,0.7028492152740426,0.034653465346534656,session_733fea50b4a84631abd7c47bb083d552,0
0.48871320132110063,0.44315437324701895,0.13560176480589684,0.2076895946824391,2.0186722420825967,4.7139579733603165,0.33044193254773324,0.3116237461419753,0.0006850291990174339,0.005518268409593729,0.012042463827723072,0.014483936871929743,0.007694738726546349,0.0019717732350096407,0.0,0.0,0.008537776765975608,0.02275268606224344,0.013788443067051879,0.02725452931703773,0.03875015040774649,0.00572915369596379,0.000582865130264638,0.0,0.002810752885627644,0.018865789333564763,0.016940637259279478,0.09707815291321463,0.09921844990510162,0.03527881927717915,0.0008123653405210418,2.3042257134987128e-05,0.0006738099340805297,0.012326031168258368,0.015868618885846494,0.09903966278478422,0.06439017886677878,0.021598728483307152,0.005446777039749152,0.0008603616577847486,0.0,0.00320374579225158,0.010528936354149766,0.061090842924840565,0.04580733637628643,0.019296615815222563,0.0037283512418124732,0.0002938642443787332,0.0,0.0003744450635443905,0.003850304148570571,0.035499246808316176,0.04005519073379275,0.019296565504617464,0.003004264243037117,8.804355892189404e-06,0.0,2.3981388430154e-06,0.0012480384104699724,0.022469588287355728,0.04010508208384849,0.01071476695918091,0.0004115575199051813,0.0,0.0,0.0,2.91801509569706e-06,0.001391222392579521,0.020476617517398037,0.0061153043602943675,0.0,0.0,15,0,0,0,297,0.42077022807724623,0.050505050505050504,session_76c9cf0e57b84eb489804a85a2759687,0
0.6880180623300821,0.6052541979878119,0.17344667559891452,0.2231359894196824,1.9320685945518667,4.981693896794007,0.2097094541538584,0.37551601080246916,2.6902522004755532e-06,6.540095866673327e-06,8.924215920198214e-06,0.0,5.978853597263772e-05,6.047501412034528e-05,6.812831779411194e-05,6.291479456422483e-05,0.0022296253633637838,0.0017910400408324624,0.0033482229515897927,0.0014120484429075374,0.013478256291699778,0.014620240520606474,0.012637450435002185,0.00679495551737562,0.006803879733295818,0.0018360878500928391,0.0017919862674684918,0.0013270457501042357,0.03702059763767099,0.04453035316471297,0.03503106336810206,0.013870903238725049,0.0031828466551143525,0.0013974932508297921,0.0009132014710855636,0.0012161331455908366,0.046571762918092445,0.04253781323406488,0.03856734422523682,0.02210980060268143,0.0012437685294019287,0.0011074840636185275,0.0008209258206092521,0.0014106847633438481,0.03813965906248329,0.04574728410923222,0.04127063023378709,0.017137713592689417,0.0020221327048533123,0.0023151753833389062,0.003088075563803807,0.002272660121839667,0.037075590103341396,0.06284899470609388,0.05392526117594541,0.013250540358027111,0.004552648861742698,0.006160269362893082,0.0028041890195315555,0.00492665885473088,0.0316823116428039,0.06822961970455743,0.05540059548268621,0.01494461072213002,0.002825432735183587,0.0031509532514411285,0.0027321923046077943,0.005262791952082712,0.012745329548241254,0.03738298388580677,0.05409629627877358,0.014136922797693453,11,0,1,2,480,0.6388328908119449,0.029166666666666667,session_840da75e8fd24d2ba65113dcfaf29b22,0
0.4884164403756052,0.48860723330104566,0.12233060129239838,0.23991012980865964,1.3258283418141565,4.873631653488455,0.2646857072395012,0.3694627700617284,0.0037218715522837785,0.004189657596911843,0.011238337260961804,0.0199686622244747,0.008005891950529885,0.001706193939193608,2.6626098664156972e-05,0.0,0.0012160521281535481,0.004502522912294578,0.025398724384815937,0.0465149402998318,0.04968533883678365,0.01285837436160841,0.0011680859096670996,0.0006457781094735913,0.0011648196825661216,0.002951284326661859,0.02518086819132455,0.05592727194833055,0.0700478411092929,0.016081067156491474,0.0036442438368025822,0.0005717628642489538,0.0011612533780636402,0.0004152609579264707,0.022443885295090116,0.060417445521409416,0.07252036348329478,0.00941629036191089,0.0014564025853191608,9.983344319243945e-06,0.00045603686021535955,0.00013251879707925894,0.011269429896332953,0.056702891241146906,0.06747950171270331,0.010003311007882433,0.0009455208092598161,0.0,0.00032070195213737746,0.003142272051280181,0.01215801678937678,0.05673981230297033,0.05102951247394059,0.010397497299072557,0.004116484876699119,0.000241677722595339,0.00021431297186594314,0.004820224090416922,0.015018193000366832,0.03916080492392853,0.04535038607035163,0.00932614018563619,0.010603523518081602,0.0012855315880400781,2.713392195900869e-05,0.0018409633167841416,0.010805856476764453,0.02277671729911134,0.016990797964902764,0.0018951272877554847,0.0004639658284781579,2.8034154163518546e-05,19,0,0,3,439,0.49529010983682087,0.05011389521640091,session_8705882700ca4baca7ec4676bc50ccd2,0
0.4606923075738757,0.5361854701548063,0.12510159810063257,0.2227643260030546,1.4238761906667181,4.582491644067347,0.33051794231673803,0.26186824845679013,0.003245859068564368,0.0033683224600466353,0.005932107859586798,0.008063126529842153,0.0010111103219588987,1.4479857106978125e-07,0.0005190485778210146,0.0010001056305575953,0.0024857027700907835,0.008419222415745513,0.00954468740920677,0.025635591517728665,0.013842001301594355,0.001604512966024246,0.0038960770519532203,0.005506019964392583,0.0006717929704782501,0.0100783968423486,0.022408375265189535,0.0635649799153522,0.04170459484237626,0.000985517174522315,4.1882986681934225e-05,5.306867629707483e-05,0.0008137679694121706,0.02232969534163449,0.030131695748373676,0.10984278422746813,0.06413257221412436,0.004531833278056479,0.0005317908520751554,0.00014358588303707182,0.00017026501975667902,0.0042930242347196425,0.0296283940151565,0.10667982234084121,0.06821918608578403,0.008222386858197529,0.00993452136216939,0.0035347865173127324,8.602845103683379e-05,0.0009110726091710636,0.009521193841050699,0.06479723385497743,0.03537293342574378,0.0025601654352634187,0.0013548440298571758,0.0003360774834529623,3.257967849070078e-07,0.00014409267803581607,0.0035529949376247576,0.043446232055203586,0.032688892812930165,0.00040129113989851504,0.0,0.0,0.0,2.7801325645398e-05,0.004849702341197416,0.053808687494348334,0.047860724191229394,0.0015573448314982648,0.0,0.0,4,0,0,4,109,0.3306290739023398,0.07339449541284404,session_94ab41d83d844d7691bdbe1ca96bad90,0
0.5549556729297535,0.3898520615996822,0.1262992955343926,0.20856687803312915,1.5446286463671786,4.624697499687865,0.2960359585278572,0.2884958526234568,0.003921704676089242,0.01103273597199924,0.0023086427130706495,0.009341292024654273,0.045391704051805676,0.01701861935993685,0.002344592923992244,0.002430573096417721,0.0019446997709454323,0.008738737739707432,0.005923955587974492,0.05462683963428483,0.08433490800647776,0.03426026864318128,0.00020796189488132656,0.0014691712758918528,0.0006138488888779366,0.0065380996767279,0.008374242902162855,0.06061472524746477,0.09568979688605717,0.05157058398441591,0.0023150729364450583,0.005449800414080715,0.00031302738099491905,0.002223702157597921,0.0038500737845671355,0.03500498092033361,0.08437115341727483,0.04721493549138304,0.005583833992322134,0.0006409687730897642,2.964833531913006e-06,0.0012109740630715327,0.0021552286212656447,0.026176181549052876,0.07773232640912506,0.03405384692156329,0.0052249992915202985,0.002543172596744443,0.0,1.2565246873345598e-05,0.0005754215659578173,0.014469273235361886,0.05840648899638614,0.027060009976215618,0.0028367424555126087,0.000261547089668066,0.0,0.0,0.00013593312526619328,0.0021300981275189533,0.021636469516274702,0.014002267032365406,0.0015603752026354624,3.3344751151125496e-05,0.0,0.0,0.0,0.00023931725556731564,0.00752350253060735,0.004345252323505385,6.443058151603156e-06,0.0,30,0,5,3,607,0.5723678634134528,0.06260296540362438,session_9d0469e83e1541a181a205cc3539064f,0
0.4434508973688161,0.4614057244881018,0.13264081657364918,0.2147761441108407,1.2058951216352882,4.696023549221765,0.33473190686380844,0.2859022955246914,3.438359102325282e-06,0.0002753874053711161,0.00032801945836183187,0.0009964700128207186,0.0009501611860815961,0.00032102533277319947,4.7868667697738316e-05,0.0,0.0023270143505200467,0.016184507246995935,0.023861205821131895,0.05791099087924092,0.044797189897872854,0.017072526381984286,0.0066523023764109915,0.00038487817717589387,0.00674344405134775,0.017557704010047522,0.04544507738765149,0.11748039460219217,0.06057685971241598,0.009203866735038018,0.0024174348086694886,6.0548665167776914e-05,0.0028095586986854044,0.008923346949738554,0.041070729847739566,0.08748520645996224,0.02689657246418123,0.004864909135154902,0.0013181326999641052,0.0020188031950842938,0.0007941267727697322,0.004544454066818186,0.026154742294733694,0.08393670245897858,0.03355295055406474,0.006477365374278052,0.009610364643349996,0.005265788261519178,0.002484876964525342,0.0054896170528388405,0.015661574758740825,0.05415546411533041,0.020633643290504294,0.00292785502428882,0.000330854008060822,4.828797978338774e-05,0.000260174762903755,0.003926673184789176,0.009068328296472698,0.03463385324845182,0.014463818172324956,0.0011094830061449516,0.0,0.0,0.0,0.0001853862593073236,0.005653869983029434,0.040730936106012694,0.010913234383396463,0.0,0.0,0.0,7,0,0,3,208,0.482583948364607,0.04807692307692308,session_9ea7aad7a8cd495fafd655ba4c0b0ed7,0
0.4755724537997145,0.5697408602305883,0.14837966227383298,0.1666797094185282,2.52523262650905,4.415521972716776,0.417748794809006,0.1885353973765432,0.0,0.0,0.0,0.0,3.99412948860433e-06,3.785833488392168e-05,0.000774238380170049,0.0,0.0011007692027706804,0.0007079701887623449,0.0021561642355982374,0.0013464725877632112,0.0011395509116761612,0.0015564435455028517,0.0023802005418058123,0.0,0.013711631796234115,0.011616882669976784,0.01789737213121918,0.026833420857022082,0.030604158253852484,0.003376864692099322,0.004481134126626145,0.0006680288938763016,0.008749033275715511,0.008396454716181131,0.015126391113963788,0.10490143036004393,0.09615226824144169,0.009684647371513847,0.015131265669845042,0.005858228373801989,0.007215974714154003,0.00880286812855385,0.008761208928511417,0.1142378798301722,0.0852840056909903,0.00644697594471094,0.007732119318391066,0.0008317237814657145,0.011518425230701242,0.010469708554169146,0.008059938569858989,0.09217226852274867,0.08034307424925666,0.008009689844034612,0.0015952682020372424,0.0,0.003002060734604161,0.0011529935195249048,0.0023814460230441943,0.06360045649034768,0.052763760447144946,0.005087984123120544,0.0002749507202800529,0.0,1.2283021868181058e-05,0.0,0.00017011555811141668,0.016899505447316197,0.01846217639901096,0.00031826340403550953,0.0,0.0,13,0,0,0,266,0.3030322147727988,0.04887218045112782,session_a0d2c8ec5dbe46e993574795573def31,0
0.5221551251838187,0.6195799328570735,0.12130282225795491,0.17503828122932358,1.5967443658890508,4.369398597652115,0.32901890401981354,0.2505637538580247,0.0,0.0,0.0,0.0,4.323385660604362e-07,0.0,0.0,0.0,0.002677040401046221,0.0035196842788374947,3.740529223396959e-05,0.00011865291757436416,0.0032911853404048123,5.021532382094548e-05,8.566708623790125e-06,3.154470278292812e-06,0.005837067030539884,0.010029502143246384,0.0030684669287257527,0.004665925905240097,0.01829445446046581,0.011302707195215402,0.006898250047204966,0.00195437848160646,0.0004289439076898876,0.005508153457004794,0.017972746529698394,0.0583974592839551,0.07482734959677864,0.037190067690768915,0.004669528726623934,0.0011200451118072367,0.0007545108604728797,0.0009745872031371255,0.02067817716324925,0.08644004354385937,0.11122602954864366,0.044188091871496936,9.767649085069114e-07,0.0,0.0005173331256400212,0.0005691016657908875,0.010373611616751524,0.06725213741782045,0.08840697585642107,0.04523038009157123,2.73334048987098e-05,0.0,0.0,4.318581898759246e-05,0.0041487208799159455,0.05212736514815698,0.07710735908132603,0.027504450845474895,0.0,0.0,0.0,0.0005647622675907995,0.0030327749782165414,0.0274218261417389,0.0515685915703331,0.00797028956564001,0.0,0.0,6,0,0,3,159,0.39016004328324344,0.05660377358490566,session_b1086f4c3b4440a19f46f3cd2e3e5189,0
0.45666755741558507,0.3000386824124589,0.12122627687468852,0.18654105746903166,1.660761100734316,4.246058776016257,0.45708577019602775,0.1786670524691358,0.00028610611237978164,0.028438411328705466,0.034645410682624424,0.038968905745493956,0.02947245431083915,0.0018623257507732276,0.002476021403641347,1.4249572618262264e-05,0.0008455449358916849,0.012241859050457887,0.07490147761139083,0.14617166402893922,0.07335966180371632,0.00423474402495537,0.005312529881173025,3.298791124100884e-05,0.0006056218992493156,0.013790483322004974,0.03384650071166523,0.13125290376465273,0.09438067350650169,0.013260085910763693,0.01186670064070055,0.0002733327111321216,7.832746048093422e-07,0.002994519066078793,0.004440594616288533,0.04612878878210982,0.07200236741736708,0.0056202061711314024,0.0038312069737468646,5.8926351038733595e-05,0.0,0.0002088933119133838,0.0008390377314824996,0.018965126746785216,0.023679897600703357,7.04947144328408e-06,0.0,0.0,0.0,0.0,0.0012707726684641413,0.01835335915448278,0.012123072444043917,0.0,0.0,0.0,0.0,0.0,4.681572061052761e-05,0.006748181853949532,0.007523442957032748,0.0,0.0,0.0,0.0,0.0008248785367032538,0.0037622486825773034,0.015512181155268584,0.002516992690662144,0.0,0.0,0.0,0,0,1,5,79,0.5430923640829798,0.0759493670886076,session_b34fe886b68447a28543d5d8e10100a7,0
0.4507467850647855,0.379659103244737,0.05937780917356777,0.17939557943636303,2.902737445895973,3.589010146134339,0.6227218285724188,0.11766348379629629,0.0,0.0,0.0007438724499726147,0.007973207956258279,0.0017556635322849173,0.0,0.0,0.0,0.0,0.0,0.0306288714118274,0.2135612947694765,0.06538541361072682,0.0,0.0,0.0,0.0,0.0,0.030981628688061078,0.17309533747120281,0.04241584717274994,0.0,0.0,0.0,0.0,0.0,0.020612496199747712,0.10327078694566126,0.030502651365565972,0.0,0.0,0.0,0.0,0.0,0.015262517163466873,0.08389228687212691,0.039544239584691374,0.0,0.0,0.0,0.0,0.0,0.007822438855593482,0.06935292889397981,0.04855062879198842,0.0,0.0,0.0,0.0003208976578351895,0.0,0.006331941212415522,0.0029647044616507444,0.003167730556799179,0.0,0.0,0.0,0.0017385152957531535,0.0,0.00011949613246344842,4.602947700631321e-06,0.0,0.0,0.0,0.0,1,0,0,1,30,0.19636620279049566,0.06666666666666667,session_bb33aa5997e643a9894115710253af75,0
0.4692266488201584,0.34695364597408945,0.14924333153241448,0.22658176948936362,1.4400539265510461,4.638244512990623,0.3607060597969199,0.2621383101851852,0.001151193682761223,0.003216451043229465,0.002667050323751107,0.014577418942920257,0.03480871118618891,0.009825861001617971,0.00012144647483205818,0.0,0.007180932296825619,0.036195983389373756,0.04823117536670779,0.11599046262998347,0.09666308319356508,0.04156237674754976,0.003899309427358437,0.00028400195454816136,0.0047702217934950915,0.03943243286144253,0.05029483527937188,0.10105839005368335,0.06832185176149458,0.039579984464314585,0.012369968507024272,0.002916373506348389,0.00022530080296017188,0.008032270872146849,0.009759738795041077,0.029861112023858185,0.016914100884086257,0.007061811220695806,0.00201969976676251,6.112765458163701e-05,4.347484530285133e-06,0.0017541190141077895,0.006085669508067971,0.016401219034662292,0.016198525151259604,0.005211258933448808,3.469899280915948e-05,0.0,0.0,0.00025904941543015275,0.005208731326163759,0.014087002467045815,0.019199219636637243,0.003909217647915831,0.0,0.0,0.0,7.481717563746509e-07,0.0029171216781047637,0.019385291974533446,0.0257377150450364,0.0006980846904141101,0.0,0.0,0.0,0.0,0.0004377209191957315,0.01797076205438663,0.03243154708674556,0.0028752442806060634,0.00013802757862198289,0.0,3,0,5,8,219,0.6397060994694831,0.0730593607305936,session_bd5046f461f94604bc2bae627202bc76,0
0.503623185240839,0.5892858401654719,0.10882312119356621,0.2049600861713416,1.6368835936750747,4.442700501165462,0.3284491360042152,0.2489573688271605,0.0,0.0001251573260153896,0.004658343975868997,0.003565426636378288,0.001125578074055291,9.972115858343786e-05,0.0,0.0,0.00020429558217719838,0.0026120999484874137,0.008785105250639916,0.012309081525920269,0.00884690138394725,0.0011490539650661352,0.001856982500659815,0.0003781910711464147,0.004047875957502156,0.008470117285393403,0.013667632129151864,0.04146790873364009,0.02685278331981823,0.0076824813811285616,0.004937635939834374,0.0006381490184745777,0.0008709318434810968,0.0035509300760705816,0.011329053976132212,0.08485812143706915,0.055161293203840216,0.02277635688476349,0.0019411162999592847,0.0005815697498363208,5.3702088729857075e-05,0.0006712682047828058,0.011006145861797193,0.10686505401786713,0.09847296838097845,0.03606951298276055,0.00039338321340999803,5.902961416464124e-05,0.0,0.001634111718524541,0.011031534603186698,0.07933491615115217,0.07308338913138966,0.012952052192043538,0.00019936327376279882,0.0,0.0,0.00023848975878087248,0.0038652856940844787,0.04388075606913041,0.06628605159779523,0.012757905782949816,8.694774448460815e-06,0.0,3.103244044059742e-05,0.0,0.0002841768463373302,0.02100431442612473,0.07390510855149247,0.011330824548383535,0.0,3.103244044059742e-05,6,1,1,6,209,0.3570677031546598,0.06698564593301436,session_c6cee29ab9374e418cf2c89faef5e484,0
0.5414502917077179,0.47234507897342276,0.10065752869855091,0.18987296343113688,1.2445864992165943,4.178411874473345,0.46601941775073535,0.1755000964506173,0.0,0.0,2.8382395504772406e-05,5.891754755481697e-05,0.0010491289068919765,7.761253860586467e-06,0.0,0.0,0.00015887909818988866,0.0035260452666916954,0.011342704282574903,0.01112159352478024,0.03001854713066728,0.007359623136173125,0.0038628100373067045,5.826605544243198e-05,0.0030901120662740833,0.005418573201682073,0.008331309458923337,0.0868383467350926,0.14939150353445801,0.03660337619075055,0.015035701484501257,0.0014442730359254844,3.9825996087534936e-05,0.0001629013538402656,0.003357478764048082,0.09674609715152352,0.13095127422509686,0.030017215820698495,0.0034283781013219796,0.00023006169290395358,6.276984874109346e-05,0.0003480950682217047,0.001397337278089748,0.03402445882674655,0.08653880199211558,0.028655200745397617,6.251491704494281e-05,0.0,0.0,0.000176526036712317,0.0002588123230809436,0.014145621630263271,0.054743012704606055,0.034116035957152666,0.0,0.0,0.0,2.1017702060420286e-05,0.001473505203750759,0.010707414495767483,0.038096596112336956,0.010445967878492982,0.0,0.0,0.00023459381194663182,0.0,0.0013435466902019608,0.011567837296019944,0.031008871792980508,0.0008923742395033432,0.0,0.0,7,0,0,2,167,0.33260780344288515,0.05389221556886228,session_c87969d85fdf43f58099db91d34f0c40,0
0.49944722661861324,0.4116506790659715,0.15589819641323036,0.21693760242791776,1.8404631216364016,4.898014471769387,0.3172184386565429,0.30419753086419754,5.371690588497038e-05,0.002465035360973377,0.010224412901273896,0.013329466503170507,0.015608794846655845,0.019210464194937354,0.005973083816141081,0.006938276264630257,0.0005824644131893382,0.007732086203867385,0.022018972929217704,0.02882966662324058,0.01813527998677895,0.023497880021972378,0.00509558962755275,0.0036604824734427456,0.0018004411436947105,0.0069983290106965315,0.04533994133917112,0.12347299118891235,0.09235665687936771,0.06353608080943074,0.018157337368279704,0.010765832088940872,0.005295876948066712,0.006100705739793065,0.021168337193571862,0.06390336277472336,0.0414583537846187,0.020617925835212787,0.0053264936167689144,0.00018358195307940426,0.0058867038832344796,0.0019674357884733712,0.018131344682318515,0.0387636343788119,0.03764000657274551,0.0061754371714967705,0.0004221401094711189,0.0,0.001666483379861422,0.0006117627548972946,0.013924622273244756,0.02823205128787856,0.038835532391304085,0.0024550396876438663,0.0,0.0,3.5889976679189e-05,0.0007440283378125953,0.008705955998691827,0.018130301826636497,0.0259552218627256,0.0012676796258406966,0.0,0.0,0.0,0.0,0.008481033672255526,0.018477513739180888,0.013164734658456599,0.0003066782766018858,0.0001808469164794003,0.0,7,0,0,3,248,0.560992028122838,0.04032258064516129,session_c93a1622a59849b6b0bf3c9cdcf85e2e,0
0.5478158140842058,0.5012391568080932,0.16029707250953845,0.1913596496174505,3.180076686444248,4.498678336861271,0.3819473617837507,0.21651282793209878,0.0,0.0,0.0,0.0,0.0,0.0,0.0,0.0,0.0,0.0002713160766135562,0.003703463238530775,0.006258233556807929,0.011714808630415423,0.007544745482606641,0.0001428411416966983,2.4144885344269484e-07,5.280486424791736e-05,0.007853099813338305,0.014109329344662662,0.1044294540655508,0.0979191479057487,0.04077322643201444,0.008339595108139992,0.0005440567014624243,0.00016051519776870353,0.013245449491930043,0.01648757640618786,0.12263165535957662,0.09593332766572392,0.03767944569331181,0.015751905894633315,0.00022290558149829588,0.0001301650768909568,0.005416518708821351,0.008958597533711029,0.05953742407731347,0.060830213673301686,0.013908637057681092,0.0008252963259524753,1.5211277766889775e-06,0.0,0.0006310507233578273,0.007549067417083264,0.04267231824388261,0.034645399400950905,0.004820936822034255,0.002163019553566382,0.006950708868481578,0.0,0.0,0.0015481217585038708,0.010359701085353643,0.022364103470588235,0.008192987364329588,0.011839444528562542,0.033932473371390666,0.0,0.0,0.00017135625128828053,0.007372978768267507,0.010328674907686256,0.003291865378067013,0.013841176248029203,0.021947097155807355,9,0,0,2,201,0.38733470467234793,0.05472636815920398,session_c9b8d1261d7a4bb8a9199e66977030e3,0
0.4626705164493568,0.3846826467372034,0.1332448485436895,0.14534406577761247,2.6607779624946093,3.8788155731917664,0.5618311858788129,0.1245360725308642,2.2126306942297294e-05,0.0,0.0,3.735403830057373e-05,4.259949899810111e-06,0.0,0.0,0.0,0.0035745748260040946,0.0059867873521070175,0.01900398620043274,0.04850617385955498,0.015017881139704453,0.0006645521843703774,0.002032568334285517,0.003220172426876609,0.014588071269216149,0.019547384138025682,0.058018673776501856,0.21461748399792738,0.14721105689706712,0.01714019453792403,0.021587804768022044,0.004636351443196318,0.005865092663924382,0.002271920295447236,0.01824717748912767,0.12232977041508666,0.10927381873894101,0.005378822561928147,0.0018595952939506899,0.0003076701129131512,0.0013456990989474777,0.0004641120043830434,0.006311052195226891,0.04019358102483522,0.022227464857082338,0.00010306535503868941,0.0,0.0,0.0008719863119544145,0.0007030506868231388,0.006042389235500808,0.015515627673893459,0.00234319497959182,0.0,0.0,0.0,0.0001867701915028687,0.0011413486664401688,0.0012856465216285126,0.015677982630149655,0.001374501446777537,0.0,0.0,0.0,0.0,0.0,0.0003652112272314818,0.02231043850811595,0.0005855523671985256,0.0,0.0,0.0,4,0,0,5,145,0.42293559826065563,0.06206896551724138,session_d433bba853b441e485b2482f68b68e34,0
0.5096755640964206,0.574549003969733,0.09481431754879871,0.20854549797677716,1.6738880230257471,4.341019225484655,0.32354424838214185,0.2505516975308642,0.0,0.0,0.0006474278198658495,0.006045428405777993,2.730374932618541e-06,0.0,0.0,0.0,0.0,2.3323323219596934e-05,0.0011868413494756389,0.0173287521589494,0.012216207337829998,0.005174817107233222,0.0,0.0,0.00010413255240004809,0.0032284709813202713,0.006499624631014911,0.05527040407953543,0.05094733236694509,0.020169773068506043,0.0007227105070140125,0.0001952218076822257,0.00030708493971077204,0.006201553218190133,0.008140941822437435,0.10391065186862666,0.0832448058605557,0.02842297277597433,0.0017295938315632692,0.0003880586493088508,1.3882147247771376e-05,0.0027325460741312257,0.00904701509902272,0.09347142517067845,0.07043230766470028,0.014218378117485763,0.00027823507445888697,0.0,0.0,0.0011699821066688077,0.007490832971764255,0.07808500581545189,0.06727364217262118,0.01097618946933535,4.9426365497100695e-05,0.0,0.0,0.00017482623589640042,0.0020898717383348144,0.04746291340775447,0.06456941962640543,0.015504927496127268,0.0,0.0,0.0,0.0,8.191124797855623e-06,0.022958374068964765,0.0645503070018771,0.015333440212708709,0.0,0.0,10,0,0,3,196,0.34885882474439744,0.0663265306122449,session_dcbcf9d39752489fa2c781a308a85d1d,0
0.5004282942130253,0.5445008727599485,0.13123052639424612,0.17095427327872598,1.9506499692109427,4.420356839853298,0.3704504741882938,0.24037905092592593,0.0,0.0009655382876791457,0.0006401796610869139,7.573999025917719e-05,0.0042149698273054505,0.00015374162588110353,0.0,0.0,0.0012951856639962945,0.0014097756957089183,0.0016212144077330445,0.004240166231939338,0.0126360471826801,0.0017948082540205018,0.0008230211239687233,0.002663079038172821,0.0072387394185152295,0.007455756855767471,0.013077319322345378,0.032691782165823975,0.029433237033032217,0.00887426082728374,0.006031808182451991,0.0068934448068735795,0.0013110506873927645,0.012183734863058881,0.04111049735826419,0.10661396239999507,0.09446790487338673,0.018518167947975322,0.010391958889117325,0.002406708971608745,0.0001805965704476731,0.004334267431958316,0.02073134708824719,0.11496747519427367,0.0977156276142945,0.016961703609331354,0.0063573510912589655,0.0015729157145418905,0.0,0.0007158358867030263,0.007803564406701064,0.06774274524478173,0.0929245580778467,0.012896203411110703,0.001678676952875486,5.233614898687669e-05,0.0,7.756605947798946e-06,0.0020722870106369036,0.024351051856077065,0.04728626345628732,0.0069137661092810955,2.3454100058139363e-07,0.0,0.0,0.0,5.0258785838870065e-08,0.005263502123333184,0.03383516954365827,0.0024009124583086617,0.0,0.0,9,0,1,3,187,0.29467812864915904,0.06951871657754011,session_dcc2b94ecb4947d0ad0a1da1cb0acd77,0
0.44080067527324807,0.5366267470063486,0.09909633315183823,0.2300669498420423,1.8319081747899804,4.403695848866624,0.3596418396095794,0.22744839891975308,0.0002828811062813516,0.002266351493480524,0.003630323720038275,0.001852860561120639,0.00114100495392599,0.0,0.0,0.0,0.0041587077821658896,0.004063164256261647,0.011999143954874858,0.03893029561648712,0.018588597154108443,0.0006704365756314431,0.0,0.0,0.004205449897522866,0.006764648708913224,0.03373543208928202,0.12792050312389253,0.05508896330067874,0.0008181618645651288,0.0017891001194740902,7.306612462908888e-05,0.002136343914108585,0.0029309210205509502,0.02392277394366802,0.09925101491197814,0.030561047980761986,0.0001623152010837643,0.0009040500158507448,1.3735110372976825e-05,0.0015138150926210753,0.0006470655179529549,0.02717395422093541,0.09254148149037487,0.03262675418438098,0.0006104838873556206,0.0,0.0,0.0011021503276940894,8.802515572837057e-05,0.018077639391845837,0.0818927106428766,0.048872261958200894,0.002180793606517879,0.0,0.0,0.0028423519000553327,5.997211558893841e-05,0.011574909718361854,0.0639037763627182,0.036092994817841936,0.0009260028796717686,0.0,0.0,0.0036113238078108755,0.0016878643908268735,0.009845762287163586,0.046255655436552905,0.03588667675255054,0.00212427955266358,0.0,0.0,10,0,0,0,202,0.45166683206485636,0.04950495049504951,session_e522b30610d1465d8666e9ab1444591b,0
0.46919249879977065,0.3223734454974942,0.11646987113542129,0.1707626825004378,1.5387407848432635,4.166100750961021,0.47861417594275374,0.15786313657407408,1.778443909164872e-06,0.00012677421109249593,0.006577646897123677,0.03431988183249611,0.021750056579750987,0.0005654730640370307,0.002874373918649025,0.0007137087671685027,0.003968573550275612,0.01366224644046254,0.034788742132819045,0.17037951680592242,0.09604863649949943,0.006158510927179956,0.006855252378133994,0.0013934829019080757,0.00484755743586745,0.01782846759491345,0.020610650826595495,0.14917921569133558,0.07703808049761053,0.00825017726159004,0.003935287809543269,0.00012932171182724562,0.00015746438503848973,0.009768631897655648,0.008200933591726814,0.08398775863411086,0.07301449535127981,0.006910336073266505,0.00569200586338537,9.649259858509406e-05,6.8974784044637595e-06,0.0037544873564534405,0.0038246397587622548,0.02775119925399565,0.033418907728297705,0.0033770246532460963,0.0006840520133318884,0.0,0.0,0.0005740047881958621,0.0011601462544204846,0.008040248781231187,0.015452178135959586,0.0010446194994021664,0.0,0.0,0.0,3.141116471997956e-05,0.0013286177652751569,0.005444898292114651,0.010579169725770438,1.807283540124302e-05,0.0,0.0,0.0,0.0,0.0005436510766110617,0.005566817831995643,0.0074803513791796465,8.707165247168014e-05,0.0,0.0,1,0,6,20,168,0.5246198616934535,0.16071428571428573,session_e786057e26af4fdaa16d703e6dccd472,0
0.406898607969591,0.4537855712933807,0.11785790008468405,0.24902078002119077,1.5035269645163754,4.53879782119057,0.36390069905162514,0.21508487654320987,0.0019032355810706422,0.0013631346613222687,0.002948721469679091,0.0061016877244462996,0.0013027628822367212,0.0013370650294444186,0.0033749828189800772,0.00013241717779225413,0.01148997790353683,0.019056704890438616,0.05276656835634978,0.11808480418581153,0.024772400897448713,0.008834294777146354,0.01659923372705592,0.000635624232543904,0.006747090791337033,0.011914692933820834,0.04940426099748074,0.11018121922375962,0.020779042925663457,0.007381321158851545,0.00245355091798753,3.484662573480372e-07,0.002709129138611231,0.006228877908378333,0.03645723677626635,0.07918651771854002,0.013055549681237224,0.0021583999980137425,0.00037804233094045184,0.0,9.334539868710546e-05,0.004565474228927478,0.03986656530073629,0.06333084564724155,0.011294292320894824,0.0012556546000714835,3.2668711626378484e-07,0.0,0.0,0.0018072984645945106,0.03783278554800664,0.04666448860736397,0.007106729748061292,0.00023482269917040856,0.0,0.0,0.0,0.0011227365020342916,0.03175954138181637,0.04438201284259324,0.003536388033555471,0.0,0.0,0.0,0.0,2.173558280208382e-05,0.03094937911262327,0.05408640608519656,0.00035027392605803013,0.0,0.0,0.0,6,0,0,8,261,0.5886239375143577,0.05363984674329502,session_e9334496e16445d8b6844224b899a2dc,0
0.5361699087238295,0.5100327290431963,0.12794437290818791,0.20452441581128328,1.2471620711481717,4.509073422942731,0.36556145224257436,0.23709538966049382,0.00016452988100364974,5.921330242301554e-05,2.0262674459397823e-05,0.0001977697739370439,0.001054019550179631,2.9293604274635052e-05,0.0,0.0,0.00529250432256159,0.014988118161216934,0.008104880058342843,0.011997571287001033,0.026680117692746936,0.014132987764930436,0.010133670852319235,0.001604754488576073,0.0011317690257738374,0.014800536642134475,0.010321480041901237,0.03255227110714703,0.09572459276435452,0.031731234368167216,0.024563161497822207,0.004770512784732553,0.00043492654429516447,0.004631273301719893,0.0014681711613914242,0.04508059924620954,0.12048829402719156,0.028635655503495113,0.006108494365468183,0.0006878305242050643,0.00017887312247490887,0.002459922829945827,0.0015522005482647135,0.04613395475743216,0.10332797162982728,0.023728445556328137,0.0009263533175604476,0.0,0.0,0.0022454951644588286,0.0032133793756443903,0.04234714928360347,0.08638568168085943,0.013259890371721608,5.359743010093525e-05,0.0,0.0,0.0016808154079653295,0.0052885959789860885,0.03423299165240422,0.06512042223163723,0.0050781146021578495,0.0,0.0,0.0,2.3753622119069355e-05,0.001315688844321967,0.01136747420697195,0.03153665198122379,0.0009520800840088965,0.0,0.0,9,0,0,0,179,0.36185386855767987,0.05027932960893855,session_f1bc6c823601424fb4d46adf129e0422,0
0.49666178094346847,0.588202788684044,0.11246931115892606,0.18018079560387715,1.2377858743411825,4.252634257255621,0.4381783550229735,0.20477189429012346,3.9102831858727116e-06,7.639744027890038e-05,0.0,0.0,0.0,0.0,0.0,0.0,0.00027860202629518524,0.006708169915140074,0.004310058785343987,0.0041416453748356775,0.005708425778756629,0.0003891070811838077,0.00024438139772055354,0.0,1.487263778210546e-05,0.013472033112187606,0.01937735182060977,0.034363681651414305,0.033618557977972224,0.012904115335723805,0.013330562230913749,0.0004308996454073837,0.0,0.003728647141469977,0.011197966110276314,0.061731437230235664,0.04565784524862168,0.009704486563995739,0.013748533078735473,0.0005807561628775345,0.0,0.003274308399740339,0.010027141433812694,0.13249185395340932,0.12449136934952779,0.010858449556894847,0.004417851505074779,8.611664126112736e-06,0.0,0.0013280044988599152,0.004084821953279123,0.10371492724612995,0.10816435485300048,0.014284716533852656,0.001303051015407872,0.0,0.0,0.00303338522934602,0.003442314959974974,0.0677783398338966,0.04208671697144273,0.0034060148744460054,4.995217249005025e-06,0.0,0.0,0.0030172468351569266,0.002148418075724781,0.037266739176426554,0.023482177245677895,0.00016174558657864235,0.0,0.0,6,0,0,3,142,0.29345563906418254,0.06338028169014084,session_f6ad6fadf6d54ee09e37a0703505b3bf,0
0.5173747305151019,0.5585127730642441,0.1006007983161025,0.17313913237953582,1.4810841351455846,4.092747618972353,0.4522065492209239,0.17525945216049382,0.0,0.0,0.0,2.5141035667747675e-05,6.667327188810759e-05,0.0002516226168285178,0.001186109724017229,0.0,0.0,2.9032471770166406e-05,1.5825173483169502e-05,0.0008819173431142182,0.005022782707467375,0.003062324367991273,0.003696840712836567,0.0009457604796551122,0.0,0.0021879304680083975,0.0035767486362698023,0.029895733804450243,0.04472352042233921,0.011974161147293475,0.009818258377631044,0.0021917039818046824,0.0,0.006415350805063839,0.013444888149395486,0.11945623949209071,0.14739969876511053,0.028793207411020722,0.005331503304925929,0.0015420699973130224,0.0,0.0005140233324376741,0.008307956649590494,0.11005896374735769,0.08793636176525825,0.01689439861734681,0.004848092603160615,0.0011491764577360912,0.0,4.716892245356037e-06,0.0022131894259822794,0.08293468715058884,0.0656355084252068,0.010709279322778799,0.001427520269134551,0.0,0.0,0.0,0.0005819937496932546,0.05922534620161285,0.051088023128998114,0.0030479850155653906,4.506990540437693e-05,0.0,0.0,0.0,0.0006921567680835449,0.03042414365823625,0.02032570188123106,6.603649143498452e-07,0.0,0.0,8,0,0,2,147,0.22629952354380395,0.06802721088435375,session_fa00e8251e764c728461586a5270d9af,0
0.4668216692053352,0.4603884363066583,0.09289293928285525,0.22038875270316033,1.9950749103836092,4.380516543398026,0.3460640846364824,0.252367862654321,0.0,0.0022795658517439153,0.005363089684151178,0.012444671345190632,0.011739537961926113,0.0006584335694423978,0.0008197660527672159,0.00014294875792500347,0.0,0.0023889989211554213,0.03305691636799015,0.07271574726414912,0.03527205869166922,0.0021838159404671226,0.003693358043721779,0.0006711186619249319,0.0,0.00011827077978322079,0.04455730492138768,0.11427795375034598,0.06499050984445276,0.0028386918887944946,1.47456151192909e-05,0.0,0.0,3.927871276317663e-06,0.03069383495812519,0.11158456090310905,0.050922500813825954,0.0012463264342420742,0.0010680429326633115,0.00011199262487435238,0.0,0.00013206662274963159,0.017955716213360808,0.07476723901653702,0.043128235885798234,0.0010169162147387833,0.004733535627289575,0.000774965783250855,0.0,5.98839391307447e-06,0.011465520646903657,0.056519701284745524,0.051106418556989594,0.0026274239271945232,0.001363067919880827,7.659348988819443e-05,0.0,0.0,0.0037424242390095507,0.0404442441730915,0.04086517031298147,0.003784053235405278,0.0017778929810260313,0.0,0.0,0.0,9.203131183077083e-05,0.016406476853682385,0.020636778120443407,0.0006993381633486404,1.9510573716791015e-05,0.0,12,0,0,4,238,0.4142153004008574,0.06722689075630252,session_fcc314a8cfcd40b3ae0ebc9db0b0048e,0
